company_id,material_id,fulfill_site,order_date,order_qty
A,A_MT000025,A_DC1,2020-07-01 00:00:00,83.75
A,A_MT000025,A_DC1,2020-07-02 00:00:00,66.06
A,A_MT000025,A_DC1,2020-07-04 00:00:00,114.44
A,A_MT000025,A_DC1,2020-07-05 00:00:00,67.29
A,A_MT000025,A_DC1,2020-07-06 00:00:00,64.34
A,A_MT000025,A_DC1,2020-07-07 00:00:00,77.28
A,A_MT000025,A_DC1,2020-07-08 00:00:00,69.76
A,A_MT000025,A_DC1,2020-07-09 00:00:00,76.76
A,A_MT000025,A_DC1,2020-07-10 00:00:00,69.28
A,A_MT000025,A_DC1,2020-07-12 00:00:00,139.92
A,A_MT000025,A_DC1,2020-07-13 00:00:00,80.32
A,A_MT000025,A_DC1,2020-07-14 00:00:00,92.17
A,A_MT000025,A_DC1,2020-07-15 00:00:00,66.34
A,A_MT000025,A_DC1,2020-07-16 00:00:00,80.68
A,A_MT000025,A_DC1,2020-07-18 00:00:00,141.9
A,A_MT000025,A_DC1,2020-07-19 00:00:00,75.03
A,A_MT000025,A_DC1,2020-07-20 00:00:00,83.4
A,A_MT000025,A_DC1,2020-07-21 00:00:00,81.41
A,A_MT000025,A_DC1,2020-07-22 00:00:00,63.02
A,A_MT000025,A_DC1,2020-07-23 00:00:00,73.16
A,A_MT000025,A_DC1,2020-07-24 00:00:00,76.53
A,A_MT000025,A_DC1,2020-07-25 00:00:00,61.41
A,A_MT000025,A_DC1,2020-07-26 00:00:00,84.28
A,A_MT000025,A_DC1,2020-07-27 00:00:00,49.72
A,A_MT000025,A_DC1,2020-07-28 00:00:00,85.7
A,A_MT000025,A_DC1,2020-07-29 00:00:00,60.36
A,A_MT000025,A_DC1,2020-08-01 00:00:00,230.7
A,A_MT000025,A_DC1,2020-08-03 00:00:00,157.42
A,A_MT000025,A_DC1,2020-08-04 00:00:00,64.44
A,A_MT000025,A_DC1,2020-08-06 00:00:00,131.54
A,A_MT000025,A_DC1,2020-08-08 00:00:00,156.72
A,A_MT000025,A_DC1,2020-08-09 00:00:00,55.95
A,A_MT000025,A_DC1,2020-08-11 00:00:00,152.21
A,A_MT000025,A_DC1,2020-08-12 00:00:00,70.19
A,A_MT000025,A_DC1,2020-08-13 00:00:00,77.67
A,A_MT000025,A_DC1,2020-08-14 00:00:00,66.73
A,A_MT000025,A_DC1,2020-08-16 00:00:00,160.31
A,A_MT000025,A_DC1,2020-08-17 00:00:00,85.13
A,A_MT000025,A_DC1,2020-08-18 00:00:00,88.38
A,A_MT000025,A_DC1,2020-08-19 00:00:00,63.22
A,A_MT000025,A_DC1,2020-08-20 00:00:00,83.11
A,A_MT000025,A_DC1,2020-08-21 00:00:00,72.63
A,A_MT000025,A_DC1,2020-08-22 00:00:00,76.3
A,A_MT000025,A_DC1,2020-08-23 00:00:00,77.38
A,A_MT000025,A_DC1,2020-08-25 00:00:00,161.84
A,A_MT000025,A_DC1,2020-08-26 00:00:00,86.96
A,A_MT000025,A_DC1,2020-08-27 00:00:00,80.64
A,A_MT000025,A_DC1,2020-08-28 00:00:00,75.12
A,A_MT000025,A_DC1,2020-08-29 00:00:00,52.9
A,A_MT000025,A_DC1,2020-08-30 00:00:00,78.02
A,A_MT000025,A_DC1,2020-08-31 00:00:00,76.89
A,A_MT000025,A_DC1,2020-09-01 00:00:00,63.69
A,A_MT000025,A_DC1,2020-09-02 00:00:00,74.1
A,A_MT000025,A_DC1,2020-09-03 00:00:00,77.86
A,A_MT000025,A_DC1,2020-09-04 00:00:00,61.01
A,A_MT000025,A_DC1,2020-09-05 00:00:00,54.53
A,A_MT000025,A_DC1,2020-09-06 00:00:00,69.45
A,A_MT000025,A_DC1,2020-09-07 00:00:00,64.99
A,A_MT000025,A_DC1,2020-09-08 00:00:00,78.3
A,A_MT000025,A_DC1,2020-09-09 00:00:00,80.08
A,A_MT000025,A_DC1,2020-09-10 00:00:00,81.21
A,A_MT000025,A_DC1,2020-09-12 00:00:00,146.92
A,A_MT000025,A_DC1,2020-09-13 00:00:00,69.25
A,A_MT000025,A_DC1,2020-09-14 00:00:00,85.67
A,A_MT000025,A_DC1,2020-09-16 00:00:00,147.02
A,A_MT000025,A_DC1,2020-09-18 00:00:00,157.64
A,A_MT000025,A_DC1,2020-09-19 00:00:00,65.71
A,A_MT000025,A_DC1,2020-09-20 00:00:00,45.49
A,A_MT000025,A_DC1,2020-09-21 00:00:00,63.99
A,A_MT000025,A_DC1,2020-09-22 00:00:00,56.47
A,A_MT000025,A_DC1,2020-09-23 00:00:00,69.24
A,A_MT000025,A_DC1,2020-09-26 00:00:00,223.03
A,A_MT000025,A_DC1,2020-09-27 00:00:00,73.83
A,A_MT000025,A_DC1,2020-09-28 00:00:00,84.92
A,A_MT000025,A_DC1,2020-09-29 00:00:00,75.24
A,A_MT000025,A_DC1,2020-09-30 00:00:00,70.78
A,A_MT000025,A_DC1,2020-10-01 00:00:00,64.57
A,A_MT000025,A_DC1,2020-10-02 00:00:00,83.31
A,A_MT000025,A_DC1,2020-10-03 00:00:00,79.0
A,A_MT000025,A_DC1,2020-10-04 00:00:00,71.28
A,A_MT000025,A_DC1,2020-10-05 00:00:00,75.73
A,A_MT000025,A_DC1,2020-10-06 00:00:00,60.86
A,A_MT000025,A_DC1,2020-10-07 00:00:00,74.39
A,A_MT000025,A_DC1,2020-10-08 00:00:00,79.55
A,A_MT000025,A_DC1,2020-10-09 00:00:00,94.81
A,A_MT000025,A_DC1,2020-10-10 00:00:00,75.72
A,A_MT000025,A_DC1,2020-10-12 00:00:00,158.4
A,A_MT000025,A_DC1,2020-10-13 00:00:00,77.16
A,A_MT000025,A_DC1,2020-10-14 00:00:00,88.96
A,A_MT000025,A_DC1,2020-10-15 00:00:00,84.43
A,A_MT000025,A_DC1,2020-10-16 00:00:00,62.85
A,A_MT000025,A_DC1,2020-10-17 00:00:00,53.97
A,A_MT000025,A_DC1,2020-10-18 00:00:00,83.52
A,A_MT000025,A_DC1,2020-10-19 00:00:00,64.6
A,A_MT000025,A_DC1,2020-10-20 00:00:00,72.22
A,A_MT000025,A_DC1,2020-10-21 00:00:00,68.45
A,A_MT000025,A_DC1,2020-10-22 00:00:00,92.99
A,A_MT000025,A_DC1,2020-10-27 00:00:00,354.27
A,A_MT000025,A_DC1,2020-10-28 00:00:00,71.93
A,A_MT000025,A_DC1,2020-10-29 00:00:00,84.15
A,A_MT000025,A_DC1,2020-10-30 00:00:00,49.85
A,A_MT000025,A_DC1,2020-11-01 00:00:00,129.68
A,A_MT000025,A_DC1,2020-11-02 00:00:00,83.24
A,A_MT000025,A_DC1,2020-11-05 00:00:00,198.01
A,A_MT000025,A_DC1,2020-11-06 00:00:00,69.36
A,A_MT000025,A_DC1,2020-11-07 00:00:00,65.13
A,A_MT000025,A_DC1,2020-11-08 00:00:00,63.27
A,A_MT000025,A_DC1,2020-11-09 00:00:00,64.52
A,A_MT000025,A_DC1,2020-11-10 00:00:00,66.8
A,A_MT000025,A_DC1,2020-11-11 00:00:00,90.37
A,A_MT000025,A_DC1,2020-11-12 00:00:00,72.96
A,A_MT000025,A_DC1,2020-11-13 00:00:00,73.51
A,A_MT000025,A_DC1,2020-11-14 00:00:00,63.16
A,A_MT000025,A_DC1,2020-11-16 00:00:00,150.13
A,A_MT000025,A_DC1,2020-11-17 00:00:00,74.96
A,A_MT000025,A_DC1,2020-11-18 00:00:00,76.39
A,A_MT000025,A_DC1,2020-11-19 00:00:00,79.07
A,A_MT000025,A_DC1,2020-11-20 00:00:00,84.33
A,A_MT000025,A_DC1,2020-11-24 00:00:00,312.51
A,A_MT000025,A_DC1,2020-11-26 00:00:00,147.57
A,A_MT000025,A_DC1,2020-11-27 00:00:00,66.79
A,A_MT000025,A_DC1,2020-11-28 00:00:00,59.87
A,A_MT000025,A_DC1,2020-11-29 00:00:00,63.59
A,A_MT000025,A_DC1,2020-11-30 00:00:00,79.55
A,A_MT000025,A_DC1,2020-12-01 00:00:00,74.17
A,A_MT000025,A_DC1,2020-12-02 00:00:00,65.33
A,A_MT000025,A_DC1,2020-12-03 00:00:00,65.27
A,A_MT000025,A_DC1,2020-12-05 00:00:00,177.43
A,A_MT000025,A_DC1,2020-12-07 00:00:00,164.44
A,A_MT000025,A_DC1,2020-12-08 00:00:00,75.74
A,A_MT000025,A_DC1,2020-12-09 00:00:00,91.06
A,A_MT000025,A_DC1,2020-12-10 00:00:00,63.17
A,A_MT000025,A_DC1,2020-12-11 00:00:00,82.26
A,A_MT000025,A_DC1,2020-12-12 00:00:00,78.81
A,A_MT000025,A_DC1,2020-12-13 00:00:00,81.7
A,A_MT000025,A_DC1,2020-12-14 00:00:00,75.62
A,A_MT000025,A_DC1,2020-12-15 00:00:00,63.88
A,A_MT000025,A_DC1,2020-12-16 00:00:00,91.11
A,A_MT000025,A_DC1,2020-12-17 00:00:00,79.38
A,A_MT000025,A_DC1,2020-12-18 00:00:00,72.31
A,A_MT000025,A_DC1,2020-12-19 00:00:00,80.87
A,A_MT000025,A_DC1,2020-12-20 00:00:00,76.23
A,A_MT000025,A_DC1,2020-12-21 00:00:00,66.78
A,A_MT000025,A_DC1,2020-12-25 00:00:00,309.21
A,A_MT000025,A_DC1,2020-12-26 00:00:00,76.81
A,A_MT000025,A_DC1,2020-12-27 00:00:00,67.1
A,A_MT000025,A_DC1,2020-12-28 00:00:00,66.48
A,A_MT000025,A_DC1,2020-12-30 00:00:00,134.86
A,A_MT000025,A_DC1,2020-12-31 00:00:00,70.81
A,A_MT000025,A_DC1,2021-01-01 00:00:00,80.91
A,A_MT000025,A_DC1,2021-01-02 00:00:00,74.55
A,A_MT000025,A_DC1,2021-01-03 00:00:00,84.6
A,A_MT000025,A_DC1,2021-01-05 00:00:00,151.18
A,A_MT000025,A_DC1,2021-01-06 00:00:00,57.22
A,A_MT000025,A_DC1,2021-01-07 00:00:00,51.77
A,A_MT000025,A_DC1,2021-01-08 00:00:00,77.43
A,A_MT000025,A_DC1,2021-01-09 00:00:00,84.73
A,A_MT000025,A_DC1,2021-01-10 00:00:00,77.17
A,A_MT000025,A_DC1,2021-01-11 00:00:00,67.56
A,A_MT000025,A_DC1,2021-01-12 00:00:00,80.37
A,A_MT000025,A_DC1,2021-01-13 00:00:00,73.69
A,A_MT000025,A_DC1,2021-01-14 00:00:00,66.88
A,A_MT000025,A_DC1,2021-01-15 00:00:00,63.53
A,A_MT000025,A_DC1,2021-01-17 00:00:00,156.63
A,A_MT000025,A_DC1,2021-01-18 00:00:00,58.35
A,A_MT000025,A_DC1,2021-01-19 00:00:00,78.8
A,A_MT000025,A_DC1,2021-01-21 00:00:00,141.25
A,A_MT000025,A_DC1,2021-01-22 00:00:00,84.58
A,A_MT000025,A_DC1,2021-01-23 00:00:00,72.04
A,A_MT000025,A_DC1,2021-01-24 00:00:00,81.61
A,A_MT000025,A_DC1,2021-01-25 00:00:00,78.35
A,A_MT000025,A_DC1,2021-01-26 00:00:00,78.51
A,A_MT000025,A_DC1,2021-01-27 00:00:00,62.73
A,A_MT000025,A_DC1,2021-01-28 00:00:00,79.39
A,A_MT000025,A_DC1,2021-01-29 00:00:00,72.42
A,A_MT000025,A_DC1,2021-01-30 00:00:00,64.5
A,A_MT000025,A_DC1,2021-01-31 00:00:00,72.32
A,A_MT000025,A_DC1,2021-02-01 00:00:00,72.37
A,A_MT000025,A_DC1,2021-02-03 00:00:00,143.42
A,A_MT000025,A_DC1,2021-02-05 00:00:00,123.3
A,A_MT000025,A_DC1,2021-02-06 00:00:00,74.81
A,A_MT000025,A_DC1,2021-02-07 00:00:00,81.63
A,A_MT000025,A_DC1,2021-02-08 00:00:00,84.9
A,A_MT000025,A_DC1,2021-02-09 00:00:00,75.58
A,A_MT000025,A_DC1,2021-02-11 00:00:00,130.19
A,A_MT000025,A_DC1,2021-02-12 00:00:00,78.19
A,A_MT000025,A_DC1,2021-02-13 00:00:00,64.51
A,A_MT000025,A_DC1,2021-02-14 00:00:00,61.61
A,A_MT000025,A_DC1,2021-02-15 00:00:00,76.57
A,A_MT000025,A_DC1,2021-02-16 00:00:00,72.12
A,A_MT000025,A_DC1,2021-02-18 00:00:00,164.55
A,A_MT000025,A_DC1,2021-02-19 00:00:00,69.02
A,A_MT000025,A_DC1,2021-02-20 00:00:00,80.65
A,A_MT000025,A_DC1,2021-02-21 00:00:00,70.74
A,A_MT000025,A_DC1,2021-02-22 00:00:00,90.84
A,A_MT000025,A_DC1,2021-02-24 00:00:00,137.56
A,A_MT000025,A_DC1,2021-02-25 00:00:00,94.1
A,A_MT000025,A_DC1,2021-02-26 00:00:00,78.68
A,A_MT000025,A_DC1,2021-02-27 00:00:00,63.65
A,A_MT000025,A_DC1,2021-02-28 00:00:00,57.49
A,A_MT000025,A_DC1,2021-03-01 00:00:00,74.01
A,A_MT000025,A_DC1,2021-03-02 00:00:00,87.12
A,A_MT000025,A_DC1,2021-03-05 00:00:00,227.81
A,A_MT000025,A_DC1,2021-03-06 00:00:00,82.14
A,A_MT000025,A_DC1,2021-03-07 00:00:00,72.75
A,A_MT000025,A_DC1,2021-03-08 00:00:00,78.18
A,A_MT000025,A_DC1,2021-03-09 00:00:00,74.22
A,A_MT000025,A_DC1,2021-03-10 00:00:00,74.18
A,A_MT000025,A_DC1,2021-03-11 00:00:00,76.07
A,A_MT000025,A_DC1,2021-03-14 00:00:00,245.44
A,A_MT000025,A_DC1,2021-03-15 00:00:00,84.04
A,A_MT000025,A_DC1,2021-03-17 00:00:00,154.65
A,A_MT000025,A_DC1,2021-03-18 00:00:00,67.21
A,A_MT000025,A_DC1,2021-03-19 00:00:00,89.98
A,A_MT000025,A_DC1,2021-03-20 00:00:00,74.54
A,A_MT000025,A_DC1,2021-03-22 00:00:00,159.31
A,A_MT000025,A_DC1,2021-03-23 00:00:00,59.87
A,A_MT000025,A_DC1,2021-03-24 00:00:00,63.59
A,A_MT000025,A_DC1,2021-03-25 00:00:00,82.0
A,A_MT000025,A_DC1,2021-03-26 00:00:00,69.01
A,A_MT000025,A_DC1,2021-03-27 00:00:00,73.42
A,A_MT000025,A_DC1,2021-03-28 00:00:00,67.92
A,A_MT000025,A_DC1,2021-03-29 00:00:00,79.28
A,A_MT000025,A_DC1,2021-03-30 00:00:00,65.37
A,A_MT000025,A_DC1,2021-03-31 00:00:00,84.49
A,A_MT000025,A_DC1,2021-04-02 00:00:00,139.51
A,A_MT000025,A_DC1,2021-04-03 00:00:00,85.77
A,A_MT000025,A_DC1,2021-04-04 00:00:00,89.33
A,A_MT000025,A_DC1,2021-04-05 00:00:00,73.61
A,A_MT000025,A_DC1,2021-04-06 00:00:00,75.14
A,A_MT000025,A_DC1,2021-04-07 00:00:00,65.2
A,A_MT000025,A_DC1,2021-04-08 00:00:00,89.77
A,A_MT000025,A_DC1,2021-04-10 00:00:00,136.3
A,A_MT000025,A_DC1,2021-04-11 00:00:00,69.76
A,A_MT000025,A_DC1,2021-04-12 00:00:00,77.21
A,A_MT000025,A_DC1,2021-04-13 00:00:00,101.05
A,A_MT000025,A_DC1,2021-04-14 00:00:00,92.18
A,A_MT000025,A_DC1,2021-04-15 00:00:00,71.13
A,A_MT000025,A_DC1,2021-04-16 00:00:00,74.61
A,A_MT000025,A_DC1,2021-04-17 00:00:00,72.25
A,A_MT000025,A_DC1,2021-04-18 00:00:00,73.57
A,A_MT000025,A_DC1,2021-04-19 00:00:00,71.17
A,A_MT000025,A_DC1,2021-04-20 00:00:00,64.64
A,A_MT000025,A_DC1,2021-04-21 00:00:00,71.63
A,A_MT000025,A_DC1,2021-04-22 00:00:00,79.26
A,A_MT000025,A_DC1,2021-04-23 00:00:00,91.09
A,A_MT000025,A_DC1,2021-04-24 00:00:00,78.66
A,A_MT000025,A_DC1,2021-04-25 00:00:00,91.56
A,A_MT000025,A_DC1,2021-04-26 00:00:00,81.13
A,A_MT000025,A_DC1,2021-04-27 00:00:00,63.08
A,A_MT000025,A_DC1,2021-04-29 00:00:00,142.03
A,A_MT000025,A_DC1,2021-04-30 00:00:00,75.04
A,A_MT000025,A_DC1,2021-05-01 00:00:00,74.32
A,A_MT000025,A_DC1,2021-05-02 00:00:00,79.4
A,A_MT000025,A_DC1,2021-05-03 00:00:00,80.09
A,A_MT000025,A_DC1,2021-05-04 00:00:00,66.19
A,A_MT000025,A_DC1,2021-05-05 00:00:00,59.81
A,A_MT000025,A_DC1,2021-05-06 00:00:00,81.04
A,A_MT000025,A_DC1,2021-05-07 00:00:00,81.49
A,A_MT000025,A_DC1,2021-05-08 00:00:00,84.23
A,A_MT000025,A_DC1,2021-05-09 00:00:00,80.49
A,A_MT000025,A_DC1,2021-05-10 00:00:00,57.92
A,A_MT000025,A_DC1,2021-05-11 00:00:00,65.41
A,A_MT000025,A_DC1,2021-05-15 00:00:00,307.61
A,A_MT000025,A_DC1,2021-05-16 00:00:00,71.44
A,A_MT000025,A_DC1,2021-05-17 00:00:00,79.47
A,A_MT000025,A_DC1,2021-05-18 00:00:00,70.83
A,A_MT000025,A_DC1,2021-05-19 00:00:00,77.78
A,A_MT000025,A_DC1,2021-05-20 00:00:00,81.16
A,A_MT000025,A_DC1,2021-05-21 00:00:00,81.21
A,A_MT000025,A_DC1,2021-05-23 00:00:00,157.23
A,A_MT000025,A_DC1,2021-05-24 00:00:00,71.79
A,A_MT000025,A_DC1,2021-05-25 00:00:00,90.47
A,A_MT000025,A_DC1,2021-05-27 00:00:00,168.37
A,A_MT000025,A_DC1,2021-05-28 00:00:00,71.71
A,A_MT000025,A_DC1,2021-05-29 00:00:00,75.8
A,A_MT000025,A_DC1,2021-05-30 00:00:00,89.56
A,A_MT000025,A_DC1,2021-05-31 00:00:00,64.82
A,A_MT000025,A_DC1,2021-06-01 00:00:00,70.15
A,A_MT000025,A_DC1,2021-06-02 00:00:00,76.08
A,A_MT000025,A_DC1,2021-06-06 00:00:00,322.73
A,A_MT000025,A_DC1,2021-06-07 00:00:00,72.05
A,A_MT000025,A_DC1,2021-06-09 00:00:00,138.69
A,A_MT000025,A_DC1,2021-06-10 00:00:00,82.15
A,A_MT000025,A_DC1,2021-06-11 00:00:00,74.55
A,A_MT000025,A_DC1,2021-06-12 00:00:00,74.51
A,A_MT000025,A_DC1,2021-06-13 00:00:00,80.36
A,A_MT000025,A_DC1,2021-06-14 00:00:00,78.63
A,A_MT000025,A_DC1,2021-06-15 00:00:00,69.93
A,A_MT000025,A_DC1,2021-06-16 00:00:00,66.23
A,A_MT000025,A_DC1,2021-06-19 00:00:00,269.34
A,A_MT000025,A_DC1,2021-06-20 00:00:00,82.25
A,A_MT000025,A_DC1,2021-06-21 00:00:00,93.47
A,A_MT000025,A_DC1,2021-06-22 00:00:00,74.02
A,A_MT000025,A_DC1,2021-06-23 00:00:00,76.1
A,A_MT000025,A_DC1,2021-06-25 00:00:00,151.72
A,A_MT000025,A_DC1,2021-06-26 00:00:00,77.39
A,A_MT000025,A_DC1,2021-06-27 00:00:00,81.07
A,A_MT000025,A_DC1,2021-06-28 00:00:00,76.66
A,A_MT000025,A_DC1,2021-06-29 00:00:00,85.97
A,A_MT000025,A_DC1,2021-06-30 00:00:00,90.55
A,A_MT000028,A_DC1,2020-07-01 00:00:00,78.86
A,A_MT000028,A_DC1,2020-07-02 00:00:00,94.44
A,A_MT000028,A_DC1,2020-07-04 00:00:00,173.1
A,A_MT000028,A_DC1,2020-07-05 00:00:00,81.03
A,A_MT000028,A_DC1,2020-07-06 00:00:00,83.81
A,A_MT000028,A_DC1,2020-07-07 00:00:00,88.69
A,A_MT000028,A_DC1,2020-07-08 00:00:00,87.78
A,A_MT000028,A_DC1,2020-07-09 00:00:00,78.83
A,A_MT000028,A_DC1,2020-07-10 00:00:00,92.08
A,A_MT000028,A_DC1,2020-07-12 00:00:00,174.82
A,A_MT000028,A_DC1,2020-07-13 00:00:00,84.27
A,A_MT000028,A_DC1,2020-07-14 00:00:00,79.63
A,A_MT000028,A_DC1,2020-07-15 00:00:00,69.87
A,A_MT000028,A_DC1,2020-07-16 00:00:00,83.44
A,A_MT000028,A_DC1,2020-07-18 00:00:00,169.48
A,A_MT000028,A_DC1,2020-07-19 00:00:00,84.41
A,A_MT000028,A_DC1,2020-07-20 00:00:00,78.47
A,A_MT000028,A_DC1,2020-07-21 00:00:00,95.31
A,A_MT000028,A_DC1,2020-07-22 00:00:00,91.97
A,A_MT000028,A_DC1,2020-07-23 00:00:00,94.72
A,A_MT000028,A_DC1,2020-07-24 00:00:00,93.89
A,A_MT000028,A_DC1,2020-07-25 00:00:00,83.21
A,A_MT000028,A_DC1,2020-07-26 00:00:00,84.14
A,A_MT000028,A_DC1,2020-07-27 00:00:00,69.18
A,A_MT000028,A_DC1,2020-07-28 00:00:00,78.27
A,A_MT000028,A_DC1,2020-07-29 00:00:00,86.87
A,A_MT000028,A_DC1,2020-08-01 00:00:00,255.15
A,A_MT000028,A_DC1,2020-08-03 00:00:00,174.96
A,A_MT000028,A_DC1,2020-08-04 00:00:00,80.09
A,A_MT000028,A_DC1,2020-08-06 00:00:00,168.63
A,A_MT000028,A_DC1,2020-08-08 00:00:00,158.76
A,A_MT000028,A_DC1,2020-08-09 00:00:00,89.19
A,A_MT000028,A_DC1,2020-08-11 00:00:00,153.6
A,A_MT000028,A_DC1,2020-08-12 00:00:00,82.22
A,A_MT000028,A_DC1,2020-08-13 00:00:00,80.5
A,A_MT000028,A_DC1,2020-08-14 00:00:00,76.77
A,A_MT000028,A_DC1,2020-08-16 00:00:00,156.48
A,A_MT000028,A_DC1,2020-08-17 00:00:00,88.91
A,A_MT000028,A_DC1,2020-08-18 00:00:00,80.06
A,A_MT000028,A_DC1,2020-08-19 00:00:00,86.35
A,A_MT000028,A_DC1,2020-08-20 00:00:00,73.89
A,A_MT000028,A_DC1,2020-08-21 00:00:00,77.88
A,A_MT000028,A_DC1,2020-08-22 00:00:00,67.82
A,A_MT000028,A_DC1,2020-08-23 00:00:00,84.34
A,A_MT000028,A_DC1,2020-08-25 00:00:00,166.08
A,A_MT000028,A_DC1,2020-08-26 00:00:00,86.01
A,A_MT000028,A_DC1,2020-08-27 00:00:00,82.37
A,A_MT000028,A_DC1,2020-08-28 00:00:00,80.83
A,A_MT000028,A_DC1,2020-08-29 00:00:00,82.22
A,A_MT000028,A_DC1,2020-08-30 00:00:00,86.37
A,A_MT000028,A_DC1,2020-08-31 00:00:00,82.38
A,A_MT000028,A_DC1,2020-09-01 00:00:00,87.81
A,A_MT000028,A_DC1,2020-09-02 00:00:00,84.93
A,A_MT000028,A_DC1,2020-09-03 00:00:00,85.26
A,A_MT000028,A_DC1,2020-09-04 00:00:00,78.29
A,A_MT000028,A_DC1,2020-09-05 00:00:00,84.38
A,A_MT000028,A_DC1,2020-09-06 00:00:00,81.9
A,A_MT000028,A_DC1,2020-09-07 00:00:00,83.84
A,A_MT000028,A_DC1,2020-09-08 00:00:00,81.8
A,A_MT000028,A_DC1,2020-09-09 00:00:00,86.32
A,A_MT000028,A_DC1,2020-09-10 00:00:00,80.66
A,A_MT000028,A_DC1,2020-09-12 00:00:00,155.29
A,A_MT000028,A_DC1,2020-09-13 00:00:00,79.44
A,A_MT000028,A_DC1,2020-09-14 00:00:00,78.66
A,A_MT000028,A_DC1,2020-09-16 00:00:00,170.51
A,A_MT000028,A_DC1,2020-09-18 00:00:00,148.0
A,A_MT000028,A_DC1,2020-09-19 00:00:00,77.8
A,A_MT000028,A_DC1,2020-09-20 00:00:00,78.22
A,A_MT000028,A_DC1,2020-09-21 00:00:00,78.68
A,A_MT000028,A_DC1,2020-09-22 00:00:00,82.2
A,A_MT000028,A_DC1,2020-09-23 00:00:00,96.72
A,A_MT000028,A_DC1,2020-09-26 00:00:00,242.77
A,A_MT000028,A_DC1,2020-09-27 00:00:00,85.86
A,A_MT000028,A_DC1,2020-09-28 00:00:00,80.7
A,A_MT000028,A_DC1,2020-09-29 00:00:00,82.52
A,A_MT000028,A_DC1,2020-09-30 00:00:00,85.52
A,A_MT000028,A_DC1,2020-10-01 00:00:00,84.61
A,A_MT000028,A_DC1,2020-10-02 00:00:00,69.94
A,A_MT000028,A_DC1,2020-10-03 00:00:00,80.53
A,A_MT000028,A_DC1,2020-10-04 00:00:00,81.85
A,A_MT000028,A_DC1,2020-10-05 00:00:00,90.0
A,A_MT000028,A_DC1,2020-10-06 00:00:00,80.33
A,A_MT000028,A_DC1,2020-10-07 00:00:00,93.2
A,A_MT000028,A_DC1,2020-10-08 00:00:00,80.42
A,A_MT000028,A_DC1,2020-10-09 00:00:00,87.43
A,A_MT000028,A_DC1,2020-10-10 00:00:00,93.65
A,A_MT000028,A_DC1,2020-10-12 00:00:00,170.43
A,A_MT000028,A_DC1,2020-10-13 00:00:00,74.61
A,A_MT000028,A_DC1,2020-10-14 00:00:00,87.45
A,A_MT000028,A_DC1,2020-10-15 00:00:00,92.82
A,A_MT000028,A_DC1,2020-10-16 00:00:00,70.49
A,A_MT000028,A_DC1,2020-10-17 00:00:00,81.51
A,A_MT000028,A_DC1,2020-10-18 00:00:00,86.84
A,A_MT000028,A_DC1,2020-10-19 00:00:00,87.31
A,A_MT000028,A_DC1,2020-10-20 00:00:00,78.07
A,A_MT000028,A_DC1,2020-10-21 00:00:00,83.5
A,A_MT000028,A_DC1,2020-10-22 00:00:00,73.4
A,A_MT000028,A_DC1,2020-10-27 00:00:00,413.54
A,A_MT000028,A_DC1,2020-10-28 00:00:00,80.69
A,A_MT000028,A_DC1,2020-10-29 00:00:00,72.91
A,A_MT000028,A_DC1,2020-10-30 00:00:00,78.64
A,A_MT000028,A_DC1,2020-11-01 00:00:00,162.97
A,A_MT000028,A_DC1,2020-11-02 00:00:00,85.5
A,A_MT000028,A_DC1,2020-11-05 00:00:00,250.52
A,A_MT000028,A_DC1,2020-11-06 00:00:00,75.89
A,A_MT000028,A_DC1,2020-11-07 00:00:00,79.69
A,A_MT000028,A_DC1,2020-11-08 00:00:00,81.0
A,A_MT000028,A_DC1,2020-11-09 00:00:00,75.78
A,A_MT000028,A_DC1,2020-11-10 00:00:00,69.67
A,A_MT000028,A_DC1,2020-11-11 00:00:00,75.74
A,A_MT000028,A_DC1,2020-11-12 00:00:00,79.61
A,A_MT000028,A_DC1,2020-11-13 00:00:00,86.68
A,A_MT000028,A_DC1,2020-11-14 00:00:00,99.27
A,A_MT000028,A_DC1,2020-11-16 00:00:00,155.39
A,A_MT000028,A_DC1,2020-11-17 00:00:00,79.01
A,A_MT000028,A_DC1,2020-11-18 00:00:00,71.4
A,A_MT000028,A_DC1,2020-11-19 00:00:00,85.66
A,A_MT000028,A_DC1,2020-11-20 00:00:00,75.64
A,A_MT000028,A_DC1,2020-11-24 00:00:00,340.46
A,A_MT000028,A_DC1,2020-11-26 00:00:00,155.32
A,A_MT000028,A_DC1,2020-11-27 00:00:00,88.55
A,A_MT000028,A_DC1,2020-11-28 00:00:00,89.42
A,A_MT000028,A_DC1,2020-11-29 00:00:00,81.43
A,A_MT000028,A_DC1,2020-11-30 00:00:00,80.34
A,A_MT000028,A_DC1,2020-12-01 00:00:00,86.38
A,A_MT000028,A_DC1,2020-12-02 00:00:00,78.28
A,A_MT000028,A_DC1,2020-12-03 00:00:00,76.02
A,A_MT000028,A_DC1,2020-12-05 00:00:00,166.88
A,A_MT000028,A_DC1,2020-12-07 00:00:00,175.2
A,A_MT000028,A_DC1,2020-12-08 00:00:00,71.68
A,A_MT000028,A_DC1,2020-12-09 00:00:00,85.77
A,A_MT000028,A_DC1,2020-12-10 00:00:00,71.38
A,A_MT000028,A_DC1,2020-12-11 00:00:00,74.17
A,A_MT000028,A_DC1,2020-12-12 00:00:00,78.75
A,A_MT000028,A_DC1,2020-12-13 00:00:00,78.94
A,A_MT000028,A_DC1,2020-12-14 00:00:00,93.43
A,A_MT000028,A_DC1,2020-12-15 00:00:00,86.33
A,A_MT000028,A_DC1,2020-12-16 00:00:00,82.79
A,A_MT000028,A_DC1,2020-12-17 00:00:00,81.69
A,A_MT000028,A_DC1,2020-12-18 00:00:00,84.46
A,A_MT000028,A_DC1,2020-12-19 00:00:00,68.63
A,A_MT000028,A_DC1,2020-12-20 00:00:00,86.61
A,A_MT000028,A_DC1,2020-12-21 00:00:00,81.88
A,A_MT000028,A_DC1,2020-12-25 00:00:00,315.46
A,A_MT000028,A_DC1,2020-12-26 00:00:00,80.72
A,A_MT000028,A_DC1,2020-12-27 00:00:00,77.3
A,A_MT000028,A_DC1,2020-12-28 00:00:00,89.02
A,A_MT000028,A_DC1,2020-12-30 00:00:00,155.39
A,A_MT000028,A_DC1,2020-12-31 00:00:00,89.01
A,A_MT000028,A_DC1,2021-01-01 00:00:00,86.67
A,A_MT000028,A_DC1,2021-01-02 00:00:00,82.27
A,A_MT000028,A_DC1,2021-01-03 00:00:00,82.86
A,A_MT000028,A_DC1,2021-01-05 00:00:00,167.61
A,A_MT000028,A_DC1,2021-01-06 00:00:00,82.55
A,A_MT000028,A_DC1,2021-01-07 00:00:00,86.93
A,A_MT000028,A_DC1,2021-01-08 00:00:00,80.82
A,A_MT000028,A_DC1,2021-01-09 00:00:00,81.99
A,A_MT000028,A_DC1,2021-01-10 00:00:00,85.09
A,A_MT000028,A_DC1,2021-01-11 00:00:00,82.34
A,A_MT000028,A_DC1,2021-01-12 00:00:00,86.72
A,A_MT000028,A_DC1,2021-01-13 00:00:00,93.03
A,A_MT000028,A_DC1,2021-01-14 00:00:00,91.89
A,A_MT000028,A_DC1,2021-01-15 00:00:00,76.56
A,A_MT000028,A_DC1,2021-01-17 00:00:00,166.63
A,A_MT000028,A_DC1,2021-01-18 00:00:00,78.27
A,A_MT000028,A_DC1,2021-01-19 00:00:00,68.57
A,A_MT000028,A_DC1,2021-01-21 00:00:00,170.32
A,A_MT000028,A_DC1,2021-01-22 00:00:00,83.36
A,A_MT000028,A_DC1,2021-01-23 00:00:00,83.2
A,A_MT000028,A_DC1,2021-01-24 00:00:00,84.97
A,A_MT000028,A_DC1,2021-01-25 00:00:00,88.86
A,A_MT000028,A_DC1,2021-01-26 00:00:00,82.44
A,A_MT000028,A_DC1,2021-01-27 00:00:00,81.25
A,A_MT000028,A_DC1,2021-01-28 00:00:00,89.76
A,A_MT000028,A_DC1,2021-01-29 00:00:00,81.3
A,A_MT000028,A_DC1,2021-01-30 00:00:00,75.73
A,A_MT000028,A_DC1,2021-01-31 00:00:00,84.76
A,A_MT000028,A_DC1,2021-02-01 00:00:00,93.79
A,A_MT000028,A_DC1,2021-02-03 00:00:00,174.82
A,A_MT000028,A_DC1,2021-02-05 00:00:00,145.27
A,A_MT000028,A_DC1,2021-02-06 00:00:00,77.27
A,A_MT000028,A_DC1,2021-02-07 00:00:00,72.44
A,A_MT000028,A_DC1,2021-02-08 00:00:00,85.3
A,A_MT000028,A_DC1,2021-02-09 00:00:00,76.51
A,A_MT000028,A_DC1,2021-02-11 00:00:00,172.69
A,A_MT000028,A_DC1,2021-02-12 00:00:00,81.51
A,A_MT000028,A_DC1,2021-02-13 00:00:00,82.96
A,A_MT000028,A_DC1,2021-02-14 00:00:00,84.43
A,A_MT000028,A_DC1,2021-02-15 00:00:00,84.64
A,A_MT000028,A_DC1,2021-02-16 00:00:00,77.39
A,A_MT000028,A_DC1,2021-02-18 00:00:00,165.81
A,A_MT000028,A_DC1,2021-02-19 00:00:00,86.86
A,A_MT000028,A_DC1,2021-02-20 00:00:00,85.46
A,A_MT000028,A_DC1,2021-02-21 00:00:00,88.43
A,A_MT000028,A_DC1,2021-02-22 00:00:00,80.46
A,A_MT000028,A_DC1,2021-02-24 00:00:00,159.47
A,A_MT000028,A_DC1,2021-02-25 00:00:00,84.32
A,A_MT000028,A_DC1,2021-02-26 00:00:00,83.2
A,A_MT000028,A_DC1,2021-02-27 00:00:00,78.46
A,A_MT000028,A_DC1,2021-02-28 00:00:00,72.3
A,A_MT000028,A_DC1,2021-03-01 00:00:00,86.79
A,A_MT000028,A_DC1,2021-03-02 00:00:00,75.85
A,A_MT000028,A_DC1,2021-03-05 00:00:00,253.04
A,A_MT000028,A_DC1,2021-03-06 00:00:00,80.72
A,A_MT000028,A_DC1,2021-03-07 00:00:00,67.13
A,A_MT000028,A_DC1,2021-03-08 00:00:00,76.49
A,A_MT000028,A_DC1,2021-03-09 00:00:00,82.68
A,A_MT000028,A_DC1,2021-03-10 00:00:00,83.44
A,A_MT000028,A_DC1,2021-03-11 00:00:00,89.8
A,A_MT000028,A_DC1,2021-03-14 00:00:00,242.99
A,A_MT000028,A_DC1,2021-03-15 00:00:00,91.06
A,A_MT000028,A_DC1,2021-03-17 00:00:00,156.32
A,A_MT000028,A_DC1,2021-03-18 00:00:00,82.43
A,A_MT000028,A_DC1,2021-03-19 00:00:00,83.68
A,A_MT000028,A_DC1,2021-03-20 00:00:00,77.39
A,A_MT000028,A_DC1,2021-03-22 00:00:00,152.33
A,A_MT000028,A_DC1,2021-03-23 00:00:00,91.18
A,A_MT000028,A_DC1,2021-03-24 00:00:00,80.87
A,A_MT000028,A_DC1,2021-03-25 00:00:00,72.82
A,A_MT000028,A_DC1,2021-03-26 00:00:00,87.21
A,A_MT000028,A_DC1,2021-03-27 00:00:00,80.59
A,A_MT000028,A_DC1,2021-03-28 00:00:00,90.99
A,A_MT000028,A_DC1,2021-03-29 00:00:00,88.31
A,A_MT000028,A_DC1,2021-03-30 00:00:00,76.72
A,A_MT000028,A_DC1,2021-03-31 00:00:00,77.08
A,A_MT000028,A_DC1,2021-04-02 00:00:00,168.07
A,A_MT000028,A_DC1,2021-04-03 00:00:00,77.15
A,A_MT000028,A_DC1,2021-04-04 00:00:00,86.53
A,A_MT000028,A_DC1,2021-04-05 00:00:00,89.95
A,A_MT000028,A_DC1,2021-04-06 00:00:00,61.01
A,A_MT000028,A_DC1,2021-04-07 00:00:00,94.56
A,A_MT000028,A_DC1,2021-04-08 00:00:00,82.22
A,A_MT000028,A_DC1,2021-04-10 00:00:00,170.27
A,A_MT000028,A_DC1,2021-04-11 00:00:00,81.77
A,A_MT000028,A_DC1,2021-04-12 00:00:00,77.86
A,A_MT000028,A_DC1,2021-04-13 00:00:00,81.92
A,A_MT000028,A_DC1,2021-04-14 00:00:00,81.59
A,A_MT000028,A_DC1,2021-04-15 00:00:00,77.24
A,A_MT000028,A_DC1,2021-04-16 00:00:00,78.22
A,A_MT000028,A_DC1,2021-04-17 00:00:00,77.25
A,A_MT000028,A_DC1,2021-04-18 00:00:00,80.12
A,A_MT000028,A_DC1,2021-04-19 00:00:00,70.52
A,A_MT000028,A_DC1,2021-04-20 00:00:00,78.91
A,A_MT000028,A_DC1,2021-04-21 00:00:00,87.69
A,A_MT000028,A_DC1,2021-04-22 00:00:00,78.1
A,A_MT000028,A_DC1,2021-04-23 00:00:00,80.11
A,A_MT000028,A_DC1,2021-04-24 00:00:00,85.11
A,A_MT000028,A_DC1,2021-04-25 00:00:00,80.82
A,A_MT000028,A_DC1,2021-04-26 00:00:00,76.06
A,A_MT000028,A_DC1,2021-04-27 00:00:00,72.74
A,A_MT000028,A_DC1,2021-04-29 00:00:00,175.83
A,A_MT000028,A_DC1,2021-04-30 00:00:00,69.43
A,A_MT000028,A_DC1,2021-05-01 00:00:00,73.61
A,A_MT000028,A_DC1,2021-05-02 00:00:00,74.36
A,A_MT000028,A_DC1,2021-05-03 00:00:00,72.15
A,A_MT000028,A_DC1,2021-05-04 00:00:00,82.57
A,A_MT000028,A_DC1,2021-05-05 00:00:00,83.81
A,A_MT000028,A_DC1,2021-05-06 00:00:00,87.79
A,A_MT000028,A_DC1,2021-05-07 00:00:00,87.88
A,A_MT000028,A_DC1,2021-05-08 00:00:00,91.59
A,A_MT000028,A_DC1,2021-05-09 00:00:00,72.06
A,A_MT000028,A_DC1,2021-05-10 00:00:00,83.79
A,A_MT000028,A_DC1,2021-05-11 00:00:00,94.59
A,A_MT000028,A_DC1,2021-05-15 00:00:00,326.81
A,A_MT000028,A_DC1,2021-05-16 00:00:00,86.95
A,A_MT000028,A_DC1,2021-05-17 00:00:00,87.0
A,A_MT000028,A_DC1,2021-05-18 00:00:00,81.56
A,A_MT000028,A_DC1,2021-05-19 00:00:00,89.0
A,A_MT000028,A_DC1,2021-05-20 00:00:00,81.89
A,A_MT000028,A_DC1,2021-05-21 00:00:00,78.64
A,A_MT000028,A_DC1,2021-05-23 00:00:00,168.7
A,A_MT000028,A_DC1,2021-05-24 00:00:00,86.02
A,A_MT000028,A_DC1,2021-05-25 00:00:00,77.28
A,A_MT000028,A_DC1,2021-05-27 00:00:00,155.74
A,A_MT000028,A_DC1,2021-05-28 00:00:00,78.19
A,A_MT000028,A_DC1,2021-05-29 00:00:00,80.43
A,A_MT000028,A_DC1,2021-05-30 00:00:00,75.0
A,A_MT000028,A_DC1,2021-05-31 00:00:00,88.51
A,A_MT000028,A_DC1,2021-06-01 00:00:00,83.32
A,A_MT000028,A_DC1,2021-06-02 00:00:00,86.19
A,A_MT000028,A_DC1,2021-06-06 00:00:00,336.05
A,A_MT000028,A_DC1,2021-06-07 00:00:00,74.64
A,A_MT000028,A_DC1,2021-06-09 00:00:00,160.88
A,A_MT000028,A_DC1,2021-06-10 00:00:00,80.36
A,A_MT000028,A_DC1,2021-06-11 00:00:00,83.96
A,A_MT000028,A_DC1,2021-06-12 00:00:00,80.7
A,A_MT000028,A_DC1,2021-06-13 00:00:00,77.69
A,A_MT000028,A_DC1,2021-06-14 00:00:00,73.09
A,A_MT000028,A_DC1,2021-06-15 00:00:00,84.31
A,A_MT000028,A_DC1,2021-06-16 00:00:00,86.42
A,A_MT000028,A_DC1,2021-06-19 00:00:00,245.53
A,A_MT000028,A_DC1,2021-06-20 00:00:00,83.15
A,A_MT000028,A_DC1,2021-06-21 00:00:00,83.24
A,A_MT000028,A_DC1,2021-06-22 00:00:00,78.36
A,A_MT000028,A_DC1,2021-06-23 00:00:00,84.82
A,A_MT000028,A_DC1,2021-06-25 00:00:00,149.7
A,A_MT000028,A_DC1,2021-06-26 00:00:00,97.89
A,A_MT000028,A_DC1,2021-06-27 00:00:00,87.62
A,A_MT000028,A_DC1,2021-06-28 00:00:00,83.07
A,A_MT000028,A_DC1,2021-06-29 00:00:00,85.24
A,A_MT000028,A_DC1,2021-06-30 00:00:00,87.32
A,A_MT000016,A_DC1,2020-07-01 00:00:00,78.65
A,A_MT000016,A_DC1,2020-07-02 00:00:00,83.16
A,A_MT000016,A_DC1,2020-07-04 00:00:00,171.67
A,A_MT000016,A_DC1,2020-07-05 00:00:00,81.47
A,A_MT000016,A_DC1,2020-07-06 00:00:00,95.0
A,A_MT000016,A_DC1,2020-07-07 00:00:00,89.13
A,A_MT000016,A_DC1,2020-07-08 00:00:00,93.63
A,A_MT000016,A_DC1,2020-07-09 00:00:00,87.4
A,A_MT000016,A_DC1,2020-07-10 00:00:00,83.54
A,A_MT000016,A_DC1,2020-07-12 00:00:00,167.27
A,A_MT000016,A_DC1,2020-07-13 00:00:00,83.54
A,A_MT000016,A_DC1,2020-07-14 00:00:00,91.06
A,A_MT000016,A_DC1,2020-07-15 00:00:00,93.4
A,A_MT000016,A_DC1,2020-07-16 00:00:00,86.53
A,A_MT000016,A_DC1,2020-07-18 00:00:00,156.54
A,A_MT000016,A_DC1,2020-07-19 00:00:00,84.37
A,A_MT000016,A_DC1,2020-07-20 00:00:00,86.15
A,A_MT000016,A_DC1,2020-07-21 00:00:00,93.41
A,A_MT000016,A_DC1,2020-07-22 00:00:00,85.4
A,A_MT000016,A_DC1,2020-07-23 00:00:00,87.18
A,A_MT000016,A_DC1,2020-07-24 00:00:00,87.48
A,A_MT000016,A_DC1,2020-07-25 00:00:00,94.85
A,A_MT000016,A_DC1,2020-07-26 00:00:00,81.33
A,A_MT000016,A_DC1,2020-07-27 00:00:00,94.13
A,A_MT000016,A_DC1,2020-07-28 00:00:00,83.33
A,A_MT000016,A_DC1,2020-07-29 00:00:00,84.07
A,A_MT000016,A_DC1,2020-08-01 00:00:00,270.58
A,A_MT000016,A_DC1,2020-08-03 00:00:00,176.09
A,A_MT000016,A_DC1,2020-08-04 00:00:00,89.72
A,A_MT000016,A_DC1,2020-08-06 00:00:00,183.24
A,A_MT000016,A_DC1,2020-08-08 00:00:00,171.31
A,A_MT000016,A_DC1,2020-08-09 00:00:00,83.28
A,A_MT000016,A_DC1,2020-08-11 00:00:00,169.44
A,A_MT000016,A_DC1,2020-08-12 00:00:00,88.6
A,A_MT000016,A_DC1,2020-08-13 00:00:00,76.67
A,A_MT000016,A_DC1,2020-08-14 00:00:00,78.13
A,A_MT000016,A_DC1,2020-08-16 00:00:00,177.56
A,A_MT000016,A_DC1,2020-08-17 00:00:00,92.48
A,A_MT000016,A_DC1,2020-08-18 00:00:00,79.95
A,A_MT000016,A_DC1,2020-08-19 00:00:00,79.71
A,A_MT000016,A_DC1,2020-08-20 00:00:00,87.53
A,A_MT000016,A_DC1,2020-08-21 00:00:00,87.48
A,A_MT000016,A_DC1,2020-08-22 00:00:00,89.37
A,A_MT000016,A_DC1,2020-08-23 00:00:00,98.47
A,A_MT000016,A_DC1,2020-08-25 00:00:00,178.99
A,A_MT000016,A_DC1,2020-08-26 00:00:00,97.05
A,A_MT000016,A_DC1,2020-08-27 00:00:00,84.49
A,A_MT000016,A_DC1,2020-08-28 00:00:00,89.14
A,A_MT000016,A_DC1,2020-08-29 00:00:00,90.86
A,A_MT000016,A_DC1,2020-08-30 00:00:00,96.27
A,A_MT000016,A_DC1,2020-08-31 00:00:00,89.14
A,A_MT000016,A_DC1,2020-09-01 00:00:00,80.86
A,A_MT000016,A_DC1,2020-09-02 00:00:00,79.23
A,A_MT000016,A_DC1,2020-09-03 00:00:00,86.74
A,A_MT000016,A_DC1,2020-09-04 00:00:00,91.21
A,A_MT000016,A_DC1,2020-09-05 00:00:00,82.89
A,A_MT000016,A_DC1,2020-09-06 00:00:00,81.55
A,A_MT000016,A_DC1,2020-09-07 00:00:00,94.65
A,A_MT000016,A_DC1,2020-09-08 00:00:00,96.93
A,A_MT000016,A_DC1,2020-09-09 00:00:00,87.55
A,A_MT000016,A_DC1,2020-09-10 00:00:00,89.35
A,A_MT000016,A_DC1,2020-09-12 00:00:00,177.98
A,A_MT000016,A_DC1,2020-09-13 00:00:00,94.83
A,A_MT000016,A_DC1,2020-09-14 00:00:00,78.18
A,A_MT000016,A_DC1,2020-09-16 00:00:00,156.18
A,A_MT000016,A_DC1,2020-09-18 00:00:00,167.95
A,A_MT000016,A_DC1,2020-09-19 00:00:00,90.95
A,A_MT000016,A_DC1,2020-09-20 00:00:00,88.83
A,A_MT000016,A_DC1,2020-09-21 00:00:00,76.93
A,A_MT000016,A_DC1,2020-09-22 00:00:00,96.63
A,A_MT000016,A_DC1,2020-09-23 00:00:00,80.5
A,A_MT000016,A_DC1,2020-09-26 00:00:00,260.12
A,A_MT000016,A_DC1,2020-09-27 00:00:00,79.71
A,A_MT000016,A_DC1,2020-09-28 00:00:00,83.56
A,A_MT000016,A_DC1,2020-09-29 00:00:00,75.76
A,A_MT000016,A_DC1,2020-09-30 00:00:00,85.58
A,A_MT000016,A_DC1,2020-10-01 00:00:00,88.6
A,A_MT000016,A_DC1,2020-10-02 00:00:00,89.65
A,A_MT000016,A_DC1,2020-10-03 00:00:00,94.3
A,A_MT000016,A_DC1,2020-10-04 00:00:00,84.8
A,A_MT000016,A_DC1,2020-10-05 00:00:00,88.76
A,A_MT000016,A_DC1,2020-10-06 00:00:00,69.97
A,A_MT000016,A_DC1,2020-10-07 00:00:00,85.39
A,A_MT000016,A_DC1,2020-10-08 00:00:00,84.51
A,A_MT000016,A_DC1,2020-10-09 00:00:00,88.65
A,A_MT000016,A_DC1,2020-10-10 00:00:00,89.44
A,A_MT000016,A_DC1,2020-10-12 00:00:00,172.18
A,A_MT000016,A_DC1,2020-10-13 00:00:00,85.08
A,A_MT000016,A_DC1,2020-10-14 00:00:00,92.03
A,A_MT000016,A_DC1,2020-10-15 00:00:00,90.72
A,A_MT000016,A_DC1,2020-10-16 00:00:00,77.78
A,A_MT000016,A_DC1,2020-10-17 00:00:00,85.52
A,A_MT000016,A_DC1,2020-10-18 00:00:00,80.73
A,A_MT000016,A_DC1,2020-10-19 00:00:00,90.63
A,A_MT000016,A_DC1,2020-10-20 00:00:00,88.03
A,A_MT000016,A_DC1,2020-10-21 00:00:00,89.71
A,A_MT000016,A_DC1,2020-10-22 00:00:00,95.32
A,A_MT000016,A_DC1,2020-10-27 00:00:00,431.34
A,A_MT000016,A_DC1,2020-10-28 00:00:00,84.96
A,A_MT000016,A_DC1,2020-10-29 00:00:00,86.52
A,A_MT000016,A_DC1,2020-10-30 00:00:00,90.76
A,A_MT000016,A_DC1,2020-11-01 00:00:00,163.17
A,A_MT000016,A_DC1,2020-11-02 00:00:00,84.61
A,A_MT000016,A_DC1,2020-11-05 00:00:00,258.23
A,A_MT000016,A_DC1,2020-11-06 00:00:00,83.08
A,A_MT000016,A_DC1,2020-11-07 00:00:00,90.54
A,A_MT000016,A_DC1,2020-11-08 00:00:00,89.68
A,A_MT000016,A_DC1,2020-11-09 00:00:00,87.06
A,A_MT000016,A_DC1,2020-11-10 00:00:00,82.51
A,A_MT000016,A_DC1,2020-11-11 00:00:00,90.49
A,A_MT000016,A_DC1,2020-11-12 00:00:00,89.82
A,A_MT000016,A_DC1,2020-11-13 00:00:00,91.33
A,A_MT000016,A_DC1,2020-11-14 00:00:00,82.31
A,A_MT000016,A_DC1,2020-11-16 00:00:00,173.23
A,A_MT000016,A_DC1,2020-11-17 00:00:00,86.41
A,A_MT000016,A_DC1,2020-11-18 00:00:00,87.78
A,A_MT000016,A_DC1,2020-11-19 00:00:00,84.92
A,A_MT000016,A_DC1,2020-11-20 00:00:00,90.9
A,A_MT000016,A_DC1,2020-11-24 00:00:00,349.98
A,A_MT000016,A_DC1,2020-11-26 00:00:00,178.15
A,A_MT000016,A_DC1,2020-11-27 00:00:00,91.87
A,A_MT000016,A_DC1,2020-11-28 00:00:00,77.85
A,A_MT000016,A_DC1,2020-11-29 00:00:00,80.08
A,A_MT000016,A_DC1,2020-11-30 00:00:00,87.83
A,A_MT000016,A_DC1,2020-12-01 00:00:00,85.44
A,A_MT000016,A_DC1,2020-12-02 00:00:00,85.62
A,A_MT000016,A_DC1,2020-12-03 00:00:00,88.7
A,A_MT000016,A_DC1,2020-12-05 00:00:00,156.08
A,A_MT000016,A_DC1,2020-12-07 00:00:00,183.59
A,A_MT000016,A_DC1,2020-12-08 00:00:00,83.04
A,A_MT000016,A_DC1,2020-12-09 00:00:00,91.44
A,A_MT000016,A_DC1,2020-12-10 00:00:00,91.66
A,A_MT000016,A_DC1,2020-12-11 00:00:00,100.55
A,A_MT000016,A_DC1,2020-12-12 00:00:00,81.8
A,A_MT000016,A_DC1,2020-12-13 00:00:00,81.75
A,A_MT000016,A_DC1,2020-12-14 00:00:00,85.97
A,A_MT000016,A_DC1,2020-12-15 00:00:00,83.12
A,A_MT000016,A_DC1,2020-12-16 00:00:00,88.73
A,A_MT000016,A_DC1,2020-12-17 00:00:00,87.23
A,A_MT000016,A_DC1,2020-12-18 00:00:00,80.61
A,A_MT000016,A_DC1,2020-12-19 00:00:00,87.74
A,A_MT000016,A_DC1,2020-12-20 00:00:00,89.98
A,A_MT000016,A_DC1,2020-12-21 00:00:00,91.37
A,A_MT000016,A_DC1,2020-12-25 00:00:00,361.87
A,A_MT000016,A_DC1,2020-12-26 00:00:00,99.88
A,A_MT000016,A_DC1,2020-12-27 00:00:00,85.95
A,A_MT000016,A_DC1,2020-12-28 00:00:00,83.5
A,A_MT000016,A_DC1,2020-12-30 00:00:00,173.82
A,A_MT000016,A_DC1,2020-12-31 00:00:00,96.23
A,A_MT000016,A_DC1,2021-01-01 00:00:00,86.36
A,A_MT000016,A_DC1,2021-01-02 00:00:00,90.7
A,A_MT000016,A_DC1,2021-01-03 00:00:00,84.28
A,A_MT000016,A_DC1,2021-01-05 00:00:00,171.29
A,A_MT000016,A_DC1,2021-01-06 00:00:00,87.94
A,A_MT000016,A_DC1,2021-01-07 00:00:00,79.19
A,A_MT000016,A_DC1,2021-01-08 00:00:00,100.45
A,A_MT000016,A_DC1,2021-01-09 00:00:00,79.51
A,A_MT000016,A_DC1,2021-01-10 00:00:00,91.86
A,A_MT000016,A_DC1,2021-01-11 00:00:00,84.35
A,A_MT000016,A_DC1,2021-01-12 00:00:00,87.68
A,A_MT000016,A_DC1,2021-01-13 00:00:00,93.72
A,A_MT000016,A_DC1,2021-01-14 00:00:00,86.74
A,A_MT000016,A_DC1,2021-01-15 00:00:00,90.08
A,A_MT000016,A_DC1,2021-01-17 00:00:00,172.24
A,A_MT000016,A_DC1,2021-01-18 00:00:00,89.9
A,A_MT000016,A_DC1,2021-01-19 00:00:00,90.83
A,A_MT000016,A_DC1,2021-01-21 00:00:00,176.54
A,A_MT000016,A_DC1,2021-01-22 00:00:00,82.85
A,A_MT000016,A_DC1,2021-01-23 00:00:00,90.98
A,A_MT000016,A_DC1,2021-01-24 00:00:00,87.02
A,A_MT000016,A_DC1,2021-01-25 00:00:00,86.15
A,A_MT000016,A_DC1,2021-01-26 00:00:00,97.83
A,A_MT000016,A_DC1,2021-01-27 00:00:00,81.39
A,A_MT000016,A_DC1,2021-01-28 00:00:00,83.97
A,A_MT000016,A_DC1,2021-01-29 00:00:00,77.95
A,A_MT000016,A_DC1,2021-01-30 00:00:00,87.51
A,A_MT000016,A_DC1,2021-01-31 00:00:00,77.48
A,A_MT000016,A_DC1,2021-02-01 00:00:00,91.73
A,A_MT000016,A_DC1,2021-02-03 00:00:00,174.29
A,A_MT000016,A_DC1,2021-02-05 00:00:00,160.73
A,A_MT000016,A_DC1,2021-02-06 00:00:00,90.4
A,A_MT000016,A_DC1,2021-02-07 00:00:00,92.21
A,A_MT000016,A_DC1,2021-02-08 00:00:00,97.34
A,A_MT000016,A_DC1,2021-02-09 00:00:00,88.24
A,A_MT000016,A_DC1,2021-02-11 00:00:00,182.27
A,A_MT000016,A_DC1,2021-02-12 00:00:00,85.62
A,A_MT000016,A_DC1,2021-02-13 00:00:00,81.97
A,A_MT000016,A_DC1,2021-02-14 00:00:00,93.63
A,A_MT000016,A_DC1,2021-02-15 00:00:00,81.75
A,A_MT000016,A_DC1,2021-02-16 00:00:00,87.75
A,A_MT000016,A_DC1,2021-02-18 00:00:00,176.53
A,A_MT000016,A_DC1,2021-02-19 00:00:00,80.12
A,A_MT000016,A_DC1,2021-02-20 00:00:00,77.59
A,A_MT000016,A_DC1,2021-02-21 00:00:00,85.11
A,A_MT000016,A_DC1,2021-02-22 00:00:00,83.33
A,A_MT000016,A_DC1,2021-02-24 00:00:00,175.2
A,A_MT000016,A_DC1,2021-02-25 00:00:00,86.99
A,A_MT000016,A_DC1,2021-02-26 00:00:00,79.36
A,A_MT000016,A_DC1,2021-02-27 00:00:00,88.88
A,A_MT000016,A_DC1,2021-02-28 00:00:00,91.08
A,A_MT000016,A_DC1,2021-03-01 00:00:00,85.0
A,A_MT000016,A_DC1,2021-03-02 00:00:00,89.0
A,A_MT000016,A_DC1,2021-03-05 00:00:00,275.7
A,A_MT000016,A_DC1,2021-03-06 00:00:00,95.89
A,A_MT000016,A_DC1,2021-03-07 00:00:00,84.69
A,A_MT000016,A_DC1,2021-03-08 00:00:00,93.7
A,A_MT000016,A_DC1,2021-03-09 00:00:00,84.85
A,A_MT000016,A_DC1,2021-03-10 00:00:00,90.24
A,A_MT000016,A_DC1,2021-03-11 00:00:00,91.66
A,A_MT000016,A_DC1,2021-03-14 00:00:00,270.66
A,A_MT000016,A_DC1,2021-03-15 00:00:00,96.39
A,A_MT000016,A_DC1,2021-03-17 00:00:00,178.79
A,A_MT000016,A_DC1,2021-03-18 00:00:00,84.48
A,A_MT000016,A_DC1,2021-03-19 00:00:00,91.95
A,A_MT000016,A_DC1,2021-03-20 00:00:00,87.85
A,A_MT000016,A_DC1,2021-03-22 00:00:00,162.65
A,A_MT000016,A_DC1,2021-03-23 00:00:00,91.78
A,A_MT000016,A_DC1,2021-03-24 00:00:00,97.11
A,A_MT000016,A_DC1,2021-03-25 00:00:00,94.1
A,A_MT000016,A_DC1,2021-03-26 00:00:00,81.69
A,A_MT000016,A_DC1,2021-03-27 00:00:00,78.99
A,A_MT000016,A_DC1,2021-03-28 00:00:00,83.49
A,A_MT000016,A_DC1,2021-03-29 00:00:00,94.48
A,A_MT000016,A_DC1,2021-03-30 00:00:00,82.89
A,A_MT000016,A_DC1,2021-03-31 00:00:00,94.76
A,A_MT000016,A_DC1,2021-04-02 00:00:00,184.2
A,A_MT000016,A_DC1,2021-04-03 00:00:00,91.15
A,A_MT000016,A_DC1,2021-04-04 00:00:00,87.33
A,A_MT000016,A_DC1,2021-04-05 00:00:00,82.51
A,A_MT000016,A_DC1,2021-04-06 00:00:00,88.17
A,A_MT000016,A_DC1,2021-04-07 00:00:00,87.36
A,A_MT000016,A_DC1,2021-04-08 00:00:00,87.75
A,A_MT000016,A_DC1,2021-04-10 00:00:00,175.6
A,A_MT000016,A_DC1,2021-04-11 00:00:00,88.29
A,A_MT000016,A_DC1,2021-04-12 00:00:00,85.1
A,A_MT000016,A_DC1,2021-04-13 00:00:00,75.85
A,A_MT000016,A_DC1,2021-04-14 00:00:00,86.38
A,A_MT000016,A_DC1,2021-04-15 00:00:00,89.08
A,A_MT000016,A_DC1,2021-04-16 00:00:00,84.03
A,A_MT000016,A_DC1,2021-04-17 00:00:00,92.42
A,A_MT000016,A_DC1,2021-04-18 00:00:00,88.8
A,A_MT000016,A_DC1,2021-04-19 00:00:00,87.52
A,A_MT000016,A_DC1,2021-04-20 00:00:00,90.19
A,A_MT000016,A_DC1,2021-04-21 00:00:00,85.01
A,A_MT000016,A_DC1,2021-04-22 00:00:00,92.67
A,A_MT000016,A_DC1,2021-04-23 00:00:00,90.29
A,A_MT000016,A_DC1,2021-04-24 00:00:00,82.33
A,A_MT000016,A_DC1,2021-04-25 00:00:00,87.76
A,A_MT000016,A_DC1,2021-04-26 00:00:00,85.45
A,A_MT000016,A_DC1,2021-04-27 00:00:00,96.48
A,A_MT000016,A_DC1,2021-04-29 00:00:00,164.59
A,A_MT000016,A_DC1,2021-04-30 00:00:00,87.24
A,A_MT000016,A_DC1,2021-05-01 00:00:00,77.69
A,A_MT000016,A_DC1,2021-05-02 00:00:00,84.77
A,A_MT000016,A_DC1,2021-05-03 00:00:00,83.98
A,A_MT000016,A_DC1,2021-05-04 00:00:00,94.63
A,A_MT000016,A_DC1,2021-05-05 00:00:00,87.35
A,A_MT000016,A_DC1,2021-05-06 00:00:00,82.98
A,A_MT000016,A_DC1,2021-05-07 00:00:00,81.94
A,A_MT000016,A_DC1,2021-05-08 00:00:00,82.94
A,A_MT000016,A_DC1,2021-05-09 00:00:00,85.92
A,A_MT000016,A_DC1,2021-05-10 00:00:00,90.86
A,A_MT000016,A_DC1,2021-05-11 00:00:00,94.74
A,A_MT000016,A_DC1,2021-05-15 00:00:00,361.73
A,A_MT000016,A_DC1,2021-05-16 00:00:00,86.6
A,A_MT000016,A_DC1,2021-05-17 00:00:00,88.46
A,A_MT000016,A_DC1,2021-05-18 00:00:00,86.64
A,A_MT000016,A_DC1,2021-05-19 00:00:00,82.67
A,A_MT000016,A_DC1,2021-05-20 00:00:00,88.1
A,A_MT000016,A_DC1,2021-05-21 00:00:00,91.53
A,A_MT000016,A_DC1,2021-05-23 00:00:00,164.16
A,A_MT000016,A_DC1,2021-05-24 00:00:00,97.92
A,A_MT000016,A_DC1,2021-05-25 00:00:00,92.4
A,A_MT000016,A_DC1,2021-05-27 00:00:00,184.09
A,A_MT000016,A_DC1,2021-05-28 00:00:00,83.47
A,A_MT000016,A_DC1,2021-05-29 00:00:00,87.23
A,A_MT000016,A_DC1,2021-05-30 00:00:00,86.59
A,A_MT000016,A_DC1,2021-05-31 00:00:00,86.38
A,A_MT000016,A_DC1,2021-06-01 00:00:00,82.87
A,A_MT000016,A_DC1,2021-06-02 00:00:00,86.49
A,A_MT000016,A_DC1,2021-06-06 00:00:00,337.51
A,A_MT000016,A_DC1,2021-06-07 00:00:00,81.22
A,A_MT000016,A_DC1,2021-06-09 00:00:00,180.8
A,A_MT000016,A_DC1,2021-06-10 00:00:00,89.07
A,A_MT000016,A_DC1,2021-06-11 00:00:00,90.69
A,A_MT000016,A_DC1,2021-06-12 00:00:00,101.64
A,A_MT000016,A_DC1,2021-06-13 00:00:00,87.11
A,A_MT000016,A_DC1,2021-06-14 00:00:00,79.64
A,A_MT000016,A_DC1,2021-06-15 00:00:00,100.61
A,A_MT000016,A_DC1,2021-06-16 00:00:00,80.77
A,A_MT000016,A_DC1,2021-06-19 00:00:00,271.23
A,A_MT000016,A_DC1,2021-06-20 00:00:00,81.67
A,A_MT000016,A_DC1,2021-06-21 00:00:00,94.9
A,A_MT000016,A_DC1,2021-06-22 00:00:00,98.8
A,A_MT000016,A_DC1,2021-06-23 00:00:00,88.33
A,A_MT000016,A_DC1,2021-06-25 00:00:00,171.73
A,A_MT000016,A_DC1,2021-06-26 00:00:00,86.74
A,A_MT000016,A_DC1,2021-06-27 00:00:00,84.09
A,A_MT000016,A_DC1,2021-06-28 00:00:00,86.46
A,A_MT000016,A_DC1,2021-06-29 00:00:00,81.19
A,A_MT000016,A_DC1,2021-06-30 00:00:00,91.92
A,A_MT000027,A_DC1,2020-07-01 00:00:00,80.72
A,A_MT000027,A_DC1,2020-07-02 00:00:00,64.85
A,A_MT000027,A_DC1,2020-07-04 00:00:00,165.02
A,A_MT000027,A_DC1,2020-07-05 00:00:00,83.79
A,A_MT000027,A_DC1,2020-07-06 00:00:00,81.91
A,A_MT000027,A_DC1,2020-07-07 00:00:00,73.57
A,A_MT000027,A_DC1,2020-07-08 00:00:00,73.2
A,A_MT000027,A_DC1,2020-07-09 00:00:00,85.03
A,A_MT000027,A_DC1,2020-07-10 00:00:00,83.47
A,A_MT000027,A_DC1,2020-07-12 00:00:00,154.17
A,A_MT000027,A_DC1,2020-07-13 00:00:00,72.89
A,A_MT000027,A_DC1,2020-07-14 00:00:00,81.68
A,A_MT000027,A_DC1,2020-07-15 00:00:00,82.25
A,A_MT000027,A_DC1,2020-07-16 00:00:00,70.49
A,A_MT000027,A_DC1,2020-07-18 00:00:00,136.52
A,A_MT000027,A_DC1,2020-07-19 00:00:00,92.57
A,A_MT000027,A_DC1,2020-07-20 00:00:00,87.1
A,A_MT000027,A_DC1,2020-07-21 00:00:00,74.24
A,A_MT000027,A_DC1,2020-07-22 00:00:00,57.31
A,A_MT000027,A_DC1,2020-07-23 00:00:00,69.49
A,A_MT000027,A_DC1,2020-07-24 00:00:00,89.65
A,A_MT000027,A_DC1,2020-07-25 00:00:00,72.96
A,A_MT000027,A_DC1,2020-07-26 00:00:00,74.45
A,A_MT000027,A_DC1,2020-07-27 00:00:00,68.85
A,A_MT000027,A_DC1,2020-07-28 00:00:00,79.94
A,A_MT000027,A_DC1,2020-07-29 00:00:00,84.38
A,A_MT000027,A_DC1,2020-08-01 00:00:00,235.18
A,A_MT000027,A_DC1,2020-08-03 00:00:00,162.93
A,A_MT000027,A_DC1,2020-08-04 00:00:00,81.01
A,A_MT000027,A_DC1,2020-08-06 00:00:00,152.19
A,A_MT000027,A_DC1,2020-08-08 00:00:00,146.25
A,A_MT000027,A_DC1,2020-08-09 00:00:00,74.28
A,A_MT000027,A_DC1,2020-08-11 00:00:00,143.44
A,A_MT000027,A_DC1,2020-08-12 00:00:00,76.78
A,A_MT000027,A_DC1,2020-08-13 00:00:00,76.54
A,A_MT000027,A_DC1,2020-08-14 00:00:00,79.83
A,A_MT000027,A_DC1,2020-08-16 00:00:00,147.95
A,A_MT000027,A_DC1,2020-08-17 00:00:00,78.65
A,A_MT000027,A_DC1,2020-08-18 00:00:00,72.17
A,A_MT000027,A_DC1,2020-08-19 00:00:00,69.78
A,A_MT000027,A_DC1,2020-08-20 00:00:00,63.41
A,A_MT000027,A_DC1,2020-08-21 00:00:00,74.39
A,A_MT000027,A_DC1,2020-08-22 00:00:00,74.75
A,A_MT000027,A_DC1,2020-08-23 00:00:00,62.55
A,A_MT000027,A_DC1,2020-08-25 00:00:00,159.59
A,A_MT000027,A_DC1,2020-08-26 00:00:00,71.67
A,A_MT000027,A_DC1,2020-08-27 00:00:00,85.21
A,A_MT000027,A_DC1,2020-08-28 00:00:00,85.66
A,A_MT000027,A_DC1,2020-08-29 00:00:00,79.13
A,A_MT000027,A_DC1,2020-08-30 00:00:00,74.58
A,A_MT000027,A_DC1,2020-08-31 00:00:00,97.34
A,A_MT000027,A_DC1,2020-09-01 00:00:00,73.76
A,A_MT000027,A_DC1,2020-09-02 00:00:00,81.04
A,A_MT000027,A_DC1,2020-09-03 00:00:00,84.6
A,A_MT000027,A_DC1,2020-09-04 00:00:00,67.36
A,A_MT000027,A_DC1,2020-09-05 00:00:00,69.99
A,A_MT000027,A_DC1,2020-09-06 00:00:00,60.17
A,A_MT000027,A_DC1,2020-09-07 00:00:00,72.7
A,A_MT000027,A_DC1,2020-09-08 00:00:00,76.16
A,A_MT000027,A_DC1,2020-09-09 00:00:00,77.69
A,A_MT000027,A_DC1,2020-09-10 00:00:00,68.65
A,A_MT000027,A_DC1,2020-09-12 00:00:00,156.94
A,A_MT000027,A_DC1,2020-09-13 00:00:00,83.31
A,A_MT000027,A_DC1,2020-09-14 00:00:00,83.59
A,A_MT000027,A_DC1,2020-09-16 00:00:00,151.23
A,A_MT000027,A_DC1,2020-09-18 00:00:00,137.09
A,A_MT000027,A_DC1,2020-09-19 00:00:00,58.61
A,A_MT000027,A_DC1,2020-09-20 00:00:00,82.3
A,A_MT000027,A_DC1,2020-09-21 00:00:00,84.1
A,A_MT000027,A_DC1,2020-09-22 00:00:00,75.22
A,A_MT000027,A_DC1,2020-09-23 00:00:00,82.08
A,A_MT000027,A_DC1,2020-09-26 00:00:00,219.75
A,A_MT000027,A_DC1,2020-09-27 00:00:00,73.62
A,A_MT000027,A_DC1,2020-09-28 00:00:00,67.56
A,A_MT000027,A_DC1,2020-09-29 00:00:00,74.58
A,A_MT000027,A_DC1,2020-09-30 00:00:00,89.13
A,A_MT000027,A_DC1,2020-10-01 00:00:00,66.2
A,A_MT000027,A_DC1,2020-10-02 00:00:00,81.3
A,A_MT000027,A_DC1,2020-10-03 00:00:00,76.8
A,A_MT000027,A_DC1,2020-10-04 00:00:00,67.45
A,A_MT000027,A_DC1,2020-10-05 00:00:00,74.21
A,A_MT000027,A_DC1,2020-10-06 00:00:00,82.8
A,A_MT000027,A_DC1,2020-10-07 00:00:00,74.94
A,A_MT000027,A_DC1,2020-10-08 00:00:00,77.62
A,A_MT000027,A_DC1,2020-10-09 00:00:00,63.2
A,A_MT000027,A_DC1,2020-10-10 00:00:00,74.66
A,A_MT000027,A_DC1,2020-10-12 00:00:00,157.09
A,A_MT000027,A_DC1,2020-10-13 00:00:00,83.82
A,A_MT000027,A_DC1,2020-10-14 00:00:00,70.42
A,A_MT000027,A_DC1,2020-10-15 00:00:00,73.74
A,A_MT000027,A_DC1,2020-10-16 00:00:00,82.71
A,A_MT000027,A_DC1,2020-10-17 00:00:00,85.98
A,A_MT000027,A_DC1,2020-10-18 00:00:00,89.48
A,A_MT000027,A_DC1,2020-10-19 00:00:00,75.41
A,A_MT000027,A_DC1,2020-10-20 00:00:00,78.28
A,A_MT000027,A_DC1,2020-10-21 00:00:00,76.81
A,A_MT000027,A_DC1,2020-10-22 00:00:00,61.85
A,A_MT000027,A_DC1,2020-10-27 00:00:00,396.47
A,A_MT000027,A_DC1,2020-10-28 00:00:00,79.96
A,A_MT000027,A_DC1,2020-10-29 00:00:00,84.22
A,A_MT000027,A_DC1,2020-10-30 00:00:00,69.1
A,A_MT000027,A_DC1,2020-11-01 00:00:00,164.13
A,A_MT000027,A_DC1,2020-11-02 00:00:00,77.78
A,A_MT000027,A_DC1,2020-11-05 00:00:00,230.4
A,A_MT000027,A_DC1,2020-11-06 00:00:00,81.24
A,A_MT000027,A_DC1,2020-11-07 00:00:00,75.36
A,A_MT000027,A_DC1,2020-11-08 00:00:00,82.6
A,A_MT000027,A_DC1,2020-11-09 00:00:00,69.41
A,A_MT000027,A_DC1,2020-11-10 00:00:00,73.63
A,A_MT000027,A_DC1,2020-11-11 00:00:00,76.62
A,A_MT000027,A_DC1,2020-11-12 00:00:00,71.13
A,A_MT000027,A_DC1,2020-11-13 00:00:00,87.11
A,A_MT000027,A_DC1,2020-11-14 00:00:00,73.96
A,A_MT000027,A_DC1,2020-11-16 00:00:00,156.39
A,A_MT000027,A_DC1,2020-11-17 00:00:00,82.01
A,A_MT000027,A_DC1,2020-11-18 00:00:00,73.97
A,A_MT000027,A_DC1,2020-11-19 00:00:00,70.78
A,A_MT000027,A_DC1,2020-11-20 00:00:00,85.03
A,A_MT000027,A_DC1,2020-11-24 00:00:00,321.51
A,A_MT000027,A_DC1,2020-11-26 00:00:00,156.05
A,A_MT000027,A_DC1,2020-11-27 00:00:00,77.25
A,A_MT000027,A_DC1,2020-11-28 00:00:00,62.59
A,A_MT000027,A_DC1,2020-11-29 00:00:00,67.01
A,A_MT000027,A_DC1,2020-11-30 00:00:00,70.77
A,A_MT000027,A_DC1,2020-12-01 00:00:00,76.79
A,A_MT000027,A_DC1,2020-12-02 00:00:00,79.28
A,A_MT000027,A_DC1,2020-12-03 00:00:00,83.21
A,A_MT000027,A_DC1,2020-12-05 00:00:00,157.85
A,A_MT000027,A_DC1,2020-12-07 00:00:00,147.49
A,A_MT000027,A_DC1,2020-12-08 00:00:00,81.55
A,A_MT000027,A_DC1,2020-12-09 00:00:00,70.0
A,A_MT000027,A_DC1,2020-12-10 00:00:00,68.86
A,A_MT000027,A_DC1,2020-12-11 00:00:00,74.32
A,A_MT000027,A_DC1,2020-12-12 00:00:00,75.42
A,A_MT000027,A_DC1,2020-12-13 00:00:00,77.28
A,A_MT000027,A_DC1,2020-12-14 00:00:00,91.36
A,A_MT000027,A_DC1,2020-12-15 00:00:00,74.85
A,A_MT000027,A_DC1,2020-12-16 00:00:00,76.12
A,A_MT000027,A_DC1,2020-12-17 00:00:00,79.3
A,A_MT000027,A_DC1,2020-12-18 00:00:00,83.29
A,A_MT000027,A_DC1,2020-12-19 00:00:00,71.12
A,A_MT000027,A_DC1,2020-12-20 00:00:00,81.23
A,A_MT000027,A_DC1,2020-12-21 00:00:00,87.85
A,A_MT000027,A_DC1,2020-12-25 00:00:00,311.28
A,A_MT000027,A_DC1,2020-12-26 00:00:00,78.59
A,A_MT000027,A_DC1,2020-12-27 00:00:00,78.34
A,A_MT000027,A_DC1,2020-12-28 00:00:00,89.34
A,A_MT000027,A_DC1,2020-12-30 00:00:00,149.99
A,A_MT000027,A_DC1,2020-12-31 00:00:00,77.87
A,A_MT000027,A_DC1,2021-01-01 00:00:00,75.14
A,A_MT000027,A_DC1,2021-01-02 00:00:00,79.24
A,A_MT000027,A_DC1,2021-01-03 00:00:00,86.25
A,A_MT000027,A_DC1,2021-01-05 00:00:00,159.89
A,A_MT000027,A_DC1,2021-01-06 00:00:00,82.87
A,A_MT000027,A_DC1,2021-01-07 00:00:00,70.56
A,A_MT000027,A_DC1,2021-01-08 00:00:00,71.0
A,A_MT000027,A_DC1,2021-01-09 00:00:00,78.57
A,A_MT000027,A_DC1,2021-01-10 00:00:00,78.23
A,A_MT000027,A_DC1,2021-01-11 00:00:00,67.63
A,A_MT000027,A_DC1,2021-01-12 00:00:00,92.63
A,A_MT000027,A_DC1,2021-01-13 00:00:00,80.08
A,A_MT000027,A_DC1,2021-01-14 00:00:00,87.3
A,A_MT000027,A_DC1,2021-01-15 00:00:00,97.31
A,A_MT000027,A_DC1,2021-01-17 00:00:00,157.35
A,A_MT000027,A_DC1,2021-01-18 00:00:00,73.69
A,A_MT000027,A_DC1,2021-01-19 00:00:00,78.46
A,A_MT000027,A_DC1,2021-01-21 00:00:00,156.42
A,A_MT000027,A_DC1,2021-01-22 00:00:00,77.35
A,A_MT000027,A_DC1,2021-01-23 00:00:00,105.62
A,A_MT000027,A_DC1,2021-01-24 00:00:00,74.55
A,A_MT000027,A_DC1,2021-01-25 00:00:00,82.71
A,A_MT000027,A_DC1,2021-01-26 00:00:00,69.89
A,A_MT000027,A_DC1,2021-01-27 00:00:00,77.27
A,A_MT000027,A_DC1,2021-01-28 00:00:00,76.83
A,A_MT000027,A_DC1,2021-01-29 00:00:00,71.58
A,A_MT000027,A_DC1,2021-01-30 00:00:00,67.57
A,A_MT000027,A_DC1,2021-01-31 00:00:00,79.48
A,A_MT000027,A_DC1,2021-02-01 00:00:00,78.42
A,A_MT000027,A_DC1,2021-02-03 00:00:00,170.29
A,A_MT000027,A_DC1,2021-02-05 00:00:00,144.62
A,A_MT000027,A_DC1,2021-02-06 00:00:00,76.63
A,A_MT000027,A_DC1,2021-02-07 00:00:00,85.29
A,A_MT000027,A_DC1,2021-02-08 00:00:00,75.48
A,A_MT000027,A_DC1,2021-02-09 00:00:00,76.17
A,A_MT000027,A_DC1,2021-02-11 00:00:00,159.0
A,A_MT000027,A_DC1,2021-02-12 00:00:00,80.47
A,A_MT000027,A_DC1,2021-02-13 00:00:00,68.59
A,A_MT000027,A_DC1,2021-02-14 00:00:00,80.84
A,A_MT000027,A_DC1,2021-02-15 00:00:00,79.44
A,A_MT000027,A_DC1,2021-02-16 00:00:00,69.69
A,A_MT000027,A_DC1,2021-02-18 00:00:00,167.31
A,A_MT000027,A_DC1,2021-02-19 00:00:00,73.01
A,A_MT000027,A_DC1,2021-02-20 00:00:00,63.58
A,A_MT000027,A_DC1,2021-02-21 00:00:00,66.22
A,A_MT000027,A_DC1,2021-02-22 00:00:00,68.13
A,A_MT000027,A_DC1,2021-02-24 00:00:00,159.51
A,A_MT000027,A_DC1,2021-02-25 00:00:00,71.91
A,A_MT000027,A_DC1,2021-02-26 00:00:00,72.72
A,A_MT000027,A_DC1,2021-02-27 00:00:00,82.68
A,A_MT000027,A_DC1,2021-02-28 00:00:00,77.04
A,A_MT000027,A_DC1,2021-03-01 00:00:00,85.43
A,A_MT000027,A_DC1,2021-03-02 00:00:00,79.38
A,A_MT000027,A_DC1,2021-03-05 00:00:00,256.68
A,A_MT000027,A_DC1,2021-03-06 00:00:00,68.75
A,A_MT000027,A_DC1,2021-03-07 00:00:00,72.52
A,A_MT000027,A_DC1,2021-03-08 00:00:00,75.65
A,A_MT000027,A_DC1,2021-03-09 00:00:00,87.06
A,A_MT000027,A_DC1,2021-03-10 00:00:00,93.31
A,A_MT000027,A_DC1,2021-03-11 00:00:00,87.86
A,A_MT000027,A_DC1,2021-03-14 00:00:00,244.52
A,A_MT000027,A_DC1,2021-03-15 00:00:00,84.15
A,A_MT000027,A_DC1,2021-03-17 00:00:00,158.77
A,A_MT000027,A_DC1,2021-03-18 00:00:00,77.87
A,A_MT000027,A_DC1,2021-03-19 00:00:00,90.85
A,A_MT000027,A_DC1,2021-03-20 00:00:00,92.01
A,A_MT000027,A_DC1,2021-03-22 00:00:00,140.94
A,A_MT000027,A_DC1,2021-03-23 00:00:00,83.88
A,A_MT000027,A_DC1,2021-03-24 00:00:00,91.38
A,A_MT000027,A_DC1,2021-03-25 00:00:00,74.09
A,A_MT000027,A_DC1,2021-03-26 00:00:00,85.76
A,A_MT000027,A_DC1,2021-03-27 00:00:00,73.27
A,A_MT000027,A_DC1,2021-03-28 00:00:00,89.24
A,A_MT000027,A_DC1,2021-03-29 00:00:00,81.39
A,A_MT000027,A_DC1,2021-03-30 00:00:00,75.95
A,A_MT000027,A_DC1,2021-03-31 00:00:00,73.49
A,A_MT000027,A_DC1,2021-04-02 00:00:00,147.0
A,A_MT000027,A_DC1,2021-04-03 00:00:00,78.96
A,A_MT000027,A_DC1,2021-04-04 00:00:00,67.65
A,A_MT000027,A_DC1,2021-04-05 00:00:00,83.47
A,A_MT000027,A_DC1,2021-04-06 00:00:00,61.35
A,A_MT000027,A_DC1,2021-04-07 00:00:00,85.92
A,A_MT000027,A_DC1,2021-04-08 00:00:00,83.29
A,A_MT000027,A_DC1,2021-04-10 00:00:00,152.01
A,A_MT000027,A_DC1,2021-04-11 00:00:00,72.76
A,A_MT000027,A_DC1,2021-04-12 00:00:00,71.79
A,A_MT000027,A_DC1,2021-04-13 00:00:00,71.24
A,A_MT000027,A_DC1,2021-04-14 00:00:00,96.87
A,A_MT000027,A_DC1,2021-04-15 00:00:00,79.61
A,A_MT000027,A_DC1,2021-04-16 00:00:00,90.07
A,A_MT000027,A_DC1,2021-04-17 00:00:00,77.66
A,A_MT000027,A_DC1,2021-04-18 00:00:00,74.97
A,A_MT000027,A_DC1,2021-04-19 00:00:00,75.81
A,A_MT000027,A_DC1,2021-04-20 00:00:00,70.61
A,A_MT000027,A_DC1,2021-04-21 00:00:00,92.28
A,A_MT000027,A_DC1,2021-04-22 00:00:00,77.26
A,A_MT000027,A_DC1,2021-04-23 00:00:00,73.38
A,A_MT000027,A_DC1,2021-04-24 00:00:00,72.32
A,A_MT000027,A_DC1,2021-04-25 00:00:00,66.03
A,A_MT000027,A_DC1,2021-04-26 00:00:00,77.39
A,A_MT000027,A_DC1,2021-04-27 00:00:00,80.13
A,A_MT000027,A_DC1,2021-04-29 00:00:00,153.29
A,A_MT000027,A_DC1,2021-04-30 00:00:00,78.06
A,A_MT000027,A_DC1,2021-05-01 00:00:00,74.81
A,A_MT000027,A_DC1,2021-05-02 00:00:00,73.1
A,A_MT000027,A_DC1,2021-05-03 00:00:00,53.29
A,A_MT000027,A_DC1,2021-05-04 00:00:00,84.46
A,A_MT000027,A_DC1,2021-05-05 00:00:00,92.58
A,A_MT000027,A_DC1,2021-05-06 00:00:00,88.2
A,A_MT000027,A_DC1,2021-05-07 00:00:00,90.34
A,A_MT000027,A_DC1,2021-05-08 00:00:00,89.15
A,A_MT000027,A_DC1,2021-05-09 00:00:00,75.39
A,A_MT000027,A_DC1,2021-05-10 00:00:00,87.4
A,A_MT000027,A_DC1,2021-05-11 00:00:00,81.37
A,A_MT000027,A_DC1,2021-05-15 00:00:00,314.28
A,A_MT000027,A_DC1,2021-05-16 00:00:00,78.3
A,A_MT000027,A_DC1,2021-05-17 00:00:00,68.3
A,A_MT000027,A_DC1,2021-05-18 00:00:00,70.11
A,A_MT000027,A_DC1,2021-05-19 00:00:00,70.32
A,A_MT000027,A_DC1,2021-05-20 00:00:00,83.67
A,A_MT000027,A_DC1,2021-05-21 00:00:00,87.26
A,A_MT000027,A_DC1,2021-05-23 00:00:00,157.86
A,A_MT000027,A_DC1,2021-05-24 00:00:00,78.3
A,A_MT000027,A_DC1,2021-05-25 00:00:00,76.17
A,A_MT000027,A_DC1,2021-05-27 00:00:00,138.0
A,A_MT000027,A_DC1,2021-05-28 00:00:00,88.84
A,A_MT000027,A_DC1,2021-05-29 00:00:00,87.41
A,A_MT000027,A_DC1,2021-05-30 00:00:00,61.76
A,A_MT000027,A_DC1,2021-05-31 00:00:00,78.81
A,A_MT000027,A_DC1,2021-06-01 00:00:00,70.56
A,A_MT000027,A_DC1,2021-06-02 00:00:00,74.22
A,A_MT000027,A_DC1,2021-06-06 00:00:00,306.94
A,A_MT000027,A_DC1,2021-06-07 00:00:00,81.27
A,A_MT000027,A_DC1,2021-06-09 00:00:00,155.94
A,A_MT000027,A_DC1,2021-06-10 00:00:00,88.68
A,A_MT000027,A_DC1,2021-06-11 00:00:00,75.78
A,A_MT000027,A_DC1,2021-06-12 00:00:00,92.9
A,A_MT000027,A_DC1,2021-06-13 00:00:00,71.19
A,A_MT000027,A_DC1,2021-06-14 00:00:00,84.81
A,A_MT000027,A_DC1,2021-06-15 00:00:00,78.21
A,A_MT000027,A_DC1,2021-06-16 00:00:00,67.0
A,A_MT000027,A_DC1,2021-06-19 00:00:00,255.77
A,A_MT000027,A_DC1,2021-06-20 00:00:00,75.78
A,A_MT000027,A_DC1,2021-06-21 00:00:00,75.83
A,A_MT000027,A_DC1,2021-06-22 00:00:00,71.28
A,A_MT000027,A_DC1,2021-06-23 00:00:00,62.53
A,A_MT000027,A_DC1,2021-06-25 00:00:00,142.75
A,A_MT000027,A_DC1,2021-06-26 00:00:00,70.92
A,A_MT000027,A_DC1,2021-06-27 00:00:00,73.61
A,A_MT000027,A_DC1,2021-06-28 00:00:00,54.96
A,A_MT000027,A_DC1,2021-06-29 00:00:00,61.95
A,A_MT000027,A_DC1,2021-06-30 00:00:00,75.23
A,A_MT000026,A_DC1,2020-07-01 00:00:00,79.77
A,A_MT000026,A_DC1,2020-07-02 00:00:00,95.3
A,A_MT000026,A_DC1,2020-07-04 00:00:00,164.55
A,A_MT000026,A_DC1,2020-07-05 00:00:00,83.14
A,A_MT000026,A_DC1,2020-07-06 00:00:00,75.1
A,A_MT000026,A_DC1,2020-07-07 00:00:00,65.36
A,A_MT000026,A_DC1,2020-07-08 00:00:00,77.68
A,A_MT000026,A_DC1,2020-07-09 00:00:00,96.49
A,A_MT000026,A_DC1,2020-07-10 00:00:00,79.06
A,A_MT000026,A_DC1,2020-07-12 00:00:00,169.63
A,A_MT000026,A_DC1,2020-07-13 00:00:00,97.7
A,A_MT000026,A_DC1,2020-07-14 00:00:00,82.69
A,A_MT000026,A_DC1,2020-07-15 00:00:00,91.89
A,A_MT000026,A_DC1,2020-07-16 00:00:00,84.89
A,A_MT000026,A_DC1,2020-07-18 00:00:00,181.49
A,A_MT000026,A_DC1,2020-07-19 00:00:00,89.46
A,A_MT000026,A_DC1,2020-07-20 00:00:00,68.55
A,A_MT000026,A_DC1,2020-07-21 00:00:00,78.56
A,A_MT000026,A_DC1,2020-07-22 00:00:00,77.52
A,A_MT000026,A_DC1,2020-07-23 00:00:00,74.84
A,A_MT000026,A_DC1,2020-07-24 00:00:00,83.04
A,A_MT000026,A_DC1,2020-07-25 00:00:00,91.82
A,A_MT000026,A_DC1,2020-07-26 00:00:00,92.21
A,A_MT000026,A_DC1,2020-07-27 00:00:00,91.53
A,A_MT000026,A_DC1,2020-07-28 00:00:00,106.33
A,A_MT000026,A_DC1,2020-07-29 00:00:00,83.83
A,A_MT000026,A_DC1,2020-08-01 00:00:00,258.1
A,A_MT000026,A_DC1,2020-08-03 00:00:00,165.24
A,A_MT000026,A_DC1,2020-08-04 00:00:00,91.5
A,A_MT000026,A_DC1,2020-08-06 00:00:00,187.52
A,A_MT000026,A_DC1,2020-08-08 00:00:00,192.64
A,A_MT000026,A_DC1,2020-08-09 00:00:00,74.48
A,A_MT000026,A_DC1,2020-08-11 00:00:00,170.04
A,A_MT000026,A_DC1,2020-08-12 00:00:00,83.0
A,A_MT000026,A_DC1,2020-08-13 00:00:00,101.22
A,A_MT000026,A_DC1,2020-08-14 00:00:00,85.56
A,A_MT000026,A_DC1,2020-08-16 00:00:00,171.63
A,A_MT000026,A_DC1,2020-08-17 00:00:00,88.64
A,A_MT000026,A_DC1,2020-08-18 00:00:00,77.68
A,A_MT000026,A_DC1,2020-08-19 00:00:00,73.12
A,A_MT000026,A_DC1,2020-08-20 00:00:00,63.4
A,A_MT000026,A_DC1,2020-08-21 00:00:00,80.32
A,A_MT000026,A_DC1,2020-08-22 00:00:00,96.78
A,A_MT000026,A_DC1,2020-08-23 00:00:00,77.45
A,A_MT000026,A_DC1,2020-08-25 00:00:00,165.05
A,A_MT000026,A_DC1,2020-08-26 00:00:00,72.45
A,A_MT000026,A_DC1,2020-08-27 00:00:00,82.77
A,A_MT000026,A_DC1,2020-08-28 00:00:00,84.49
A,A_MT000026,A_DC1,2020-08-29 00:00:00,77.55
A,A_MT000026,A_DC1,2020-08-30 00:00:00,89.57
A,A_MT000026,A_DC1,2020-08-31 00:00:00,99.26
A,A_MT000026,A_DC1,2020-09-01 00:00:00,78.05
A,A_MT000026,A_DC1,2020-09-02 00:00:00,82.37
A,A_MT000026,A_DC1,2020-09-03 00:00:00,69.83
A,A_MT000026,A_DC1,2020-09-04 00:00:00,73.22
A,A_MT000026,A_DC1,2020-09-05 00:00:00,82.79
A,A_MT000026,A_DC1,2020-09-06 00:00:00,86.71
A,A_MT000026,A_DC1,2020-09-07 00:00:00,110.56
A,A_MT000026,A_DC1,2020-09-08 00:00:00,93.46
A,A_MT000026,A_DC1,2020-09-09 00:00:00,74.73
A,A_MT000026,A_DC1,2020-09-10 00:00:00,88.17
A,A_MT000026,A_DC1,2020-09-12 00:00:00,174.73
A,A_MT000026,A_DC1,2020-09-13 00:00:00,102.56
A,A_MT000026,A_DC1,2020-09-14 00:00:00,93.01
A,A_MT000026,A_DC1,2020-09-16 00:00:00,142.7
A,A_MT000026,A_DC1,2020-09-18 00:00:00,165.72
A,A_MT000026,A_DC1,2020-09-19 00:00:00,79.22
A,A_MT000026,A_DC1,2020-09-20 00:00:00,89.52
A,A_MT000026,A_DC1,2020-09-21 00:00:00,87.47
A,A_MT000026,A_DC1,2020-09-22 00:00:00,78.42
A,A_MT000026,A_DC1,2020-09-23 00:00:00,80.97
A,A_MT000026,A_DC1,2020-09-26 00:00:00,266.94
A,A_MT000026,A_DC1,2020-09-27 00:00:00,87.84
A,A_MT000026,A_DC1,2020-09-28 00:00:00,78.91
A,A_MT000026,A_DC1,2020-09-29 00:00:00,72.64
A,A_MT000026,A_DC1,2020-09-30 00:00:00,98.7
A,A_MT000026,A_DC1,2020-10-01 00:00:00,87.13
A,A_MT000026,A_DC1,2020-10-02 00:00:00,74.68
A,A_MT000026,A_DC1,2020-10-03 00:00:00,85.58
A,A_MT000026,A_DC1,2020-10-04 00:00:00,74.81
A,A_MT000026,A_DC1,2020-10-05 00:00:00,78.2
A,A_MT000026,A_DC1,2020-10-06 00:00:00,94.18
A,A_MT000026,A_DC1,2020-10-07 00:00:00,92.62
A,A_MT000026,A_DC1,2020-10-08 00:00:00,74.55
A,A_MT000026,A_DC1,2020-10-09 00:00:00,85.17
A,A_MT000026,A_DC1,2020-10-10 00:00:00,69.66
A,A_MT000026,A_DC1,2020-10-12 00:00:00,157.91
A,A_MT000026,A_DC1,2020-10-13 00:00:00,91.12
A,A_MT000026,A_DC1,2020-10-14 00:00:00,103.51
A,A_MT000026,A_DC1,2020-10-15 00:00:00,59.08
A,A_MT000026,A_DC1,2020-10-16 00:00:00,90.19
A,A_MT000026,A_DC1,2020-10-17 00:00:00,85.14
A,A_MT000026,A_DC1,2020-10-18 00:00:00,86.1
A,A_MT000026,A_DC1,2020-10-19 00:00:00,70.46
A,A_MT000026,A_DC1,2020-10-20 00:00:00,70.87
A,A_MT000026,A_DC1,2020-10-21 00:00:00,87.53
A,A_MT000026,A_DC1,2020-10-22 00:00:00,87.19
A,A_MT000026,A_DC1,2020-10-27 00:00:00,446.0
A,A_MT000026,A_DC1,2020-10-28 00:00:00,77.72
A,A_MT000026,A_DC1,2020-10-29 00:00:00,84.23
A,A_MT000026,A_DC1,2020-10-30 00:00:00,83.52
A,A_MT000026,A_DC1,2020-11-01 00:00:00,152.67
A,A_MT000026,A_DC1,2020-11-02 00:00:00,88.42
A,A_MT000026,A_DC1,2020-11-05 00:00:00,241.63
A,A_MT000026,A_DC1,2020-11-06 00:00:00,81.13
A,A_MT000026,A_DC1,2020-11-07 00:00:00,72.52
A,A_MT000026,A_DC1,2020-11-08 00:00:00,66.64
A,A_MT000026,A_DC1,2020-11-09 00:00:00,66.85
A,A_MT000026,A_DC1,2020-11-10 00:00:00,87.06
A,A_MT000026,A_DC1,2020-11-11 00:00:00,96.75
A,A_MT000026,A_DC1,2020-11-12 00:00:00,72.18
A,A_MT000026,A_DC1,2020-11-13 00:00:00,95.09
A,A_MT000026,A_DC1,2020-11-14 00:00:00,77.0
A,A_MT000026,A_DC1,2020-11-16 00:00:00,161.98
A,A_MT000026,A_DC1,2020-11-17 00:00:00,81.71
A,A_MT000026,A_DC1,2020-11-18 00:00:00,76.11
A,A_MT000026,A_DC1,2020-11-19 00:00:00,94.12
A,A_MT000026,A_DC1,2020-11-20 00:00:00,89.82
A,A_MT000026,A_DC1,2020-11-24 00:00:00,325.31
A,A_MT000026,A_DC1,2020-11-26 00:00:00,147.26
A,A_MT000026,A_DC1,2020-11-27 00:00:00,79.5
A,A_MT000026,A_DC1,2020-11-28 00:00:00,83.95
A,A_MT000026,A_DC1,2020-11-29 00:00:00,86.78
A,A_MT000026,A_DC1,2020-11-30 00:00:00,91.95
A,A_MT000026,A_DC1,2020-12-01 00:00:00,80.3
A,A_MT000026,A_DC1,2020-12-02 00:00:00,82.54
A,A_MT000026,A_DC1,2020-12-03 00:00:00,84.23
A,A_MT000026,A_DC1,2020-12-05 00:00:00,175.0
A,A_MT000026,A_DC1,2020-12-07 00:00:00,175.84
A,A_MT000026,A_DC1,2020-12-08 00:00:00,94.22
A,A_MT000026,A_DC1,2020-12-09 00:00:00,84.23
A,A_MT000026,A_DC1,2020-12-10 00:00:00,86.22
A,A_MT000026,A_DC1,2020-12-11 00:00:00,99.2
A,A_MT000026,A_DC1,2020-12-12 00:00:00,71.25
A,A_MT000026,A_DC1,2020-12-13 00:00:00,81.23
A,A_MT000026,A_DC1,2020-12-14 00:00:00,90.27
A,A_MT000026,A_DC1,2020-12-15 00:00:00,71.77
A,A_MT000026,A_DC1,2020-12-16 00:00:00,97.12
A,A_MT000026,A_DC1,2020-12-17 00:00:00,79.4
A,A_MT000026,A_DC1,2020-12-18 00:00:00,90.46
A,A_MT000026,A_DC1,2020-12-19 00:00:00,78.08
A,A_MT000026,A_DC1,2020-12-20 00:00:00,100.03
A,A_MT000026,A_DC1,2020-12-21 00:00:00,76.12
A,A_MT000026,A_DC1,2020-12-25 00:00:00,324.03
A,A_MT000026,A_DC1,2020-12-26 00:00:00,77.73
A,A_MT000026,A_DC1,2020-12-27 00:00:00,84.55
A,A_MT000026,A_DC1,2020-12-28 00:00:00,86.72
A,A_MT000026,A_DC1,2020-12-30 00:00:00,162.69
A,A_MT000026,A_DC1,2020-12-31 00:00:00,88.84
A,A_MT000026,A_DC1,2021-01-01 00:00:00,63.4
A,A_MT000026,A_DC1,2021-01-02 00:00:00,72.92
A,A_MT000026,A_DC1,2021-01-03 00:00:00,75.24
A,A_MT000026,A_DC1,2021-01-05 00:00:00,174.87
A,A_MT000026,A_DC1,2021-01-06 00:00:00,86.37
A,A_MT000026,A_DC1,2021-01-07 00:00:00,75.68
A,A_MT000026,A_DC1,2021-01-08 00:00:00,72.68
A,A_MT000026,A_DC1,2021-01-09 00:00:00,86.31
A,A_MT000026,A_DC1,2021-01-10 00:00:00,84.74
A,A_MT000026,A_DC1,2021-01-11 00:00:00,73.43
A,A_MT000026,A_DC1,2021-01-12 00:00:00,91.18
A,A_MT000026,A_DC1,2021-01-13 00:00:00,76.12
A,A_MT000026,A_DC1,2021-01-14 00:00:00,79.27
A,A_MT000026,A_DC1,2021-01-15 00:00:00,88.72
A,A_MT000026,A_DC1,2021-01-17 00:00:00,191.23
A,A_MT000026,A_DC1,2021-01-18 00:00:00,94.06
A,A_MT000026,A_DC1,2021-01-19 00:00:00,74.23
A,A_MT000026,A_DC1,2021-01-21 00:00:00,171.78
A,A_MT000026,A_DC1,2021-01-22 00:00:00,80.87
A,A_MT000026,A_DC1,2021-01-23 00:00:00,93.37
A,A_MT000026,A_DC1,2021-01-24 00:00:00,80.74
A,A_MT000026,A_DC1,2021-01-25 00:00:00,89.59
A,A_MT000026,A_DC1,2021-01-26 00:00:00,97.77
A,A_MT000026,A_DC1,2021-01-27 00:00:00,99.26
A,A_MT000026,A_DC1,2021-01-28 00:00:00,98.51
A,A_MT000026,A_DC1,2021-01-29 00:00:00,76.81
A,A_MT000026,A_DC1,2021-01-30 00:00:00,76.21
A,A_MT000026,A_DC1,2021-01-31 00:00:00,82.34
A,A_MT000026,A_DC1,2021-02-01 00:00:00,88.1
A,A_MT000026,A_DC1,2021-02-03 00:00:00,166.78
A,A_MT000026,A_DC1,2021-02-05 00:00:00,149.24
A,A_MT000026,A_DC1,2021-02-06 00:00:00,103.9
A,A_MT000026,A_DC1,2021-02-07 00:00:00,69.78
A,A_MT000026,A_DC1,2021-02-08 00:00:00,86.01
A,A_MT000026,A_DC1,2021-02-09 00:00:00,92.04
A,A_MT000026,A_DC1,2021-02-11 00:00:00,172.67
A,A_MT000026,A_DC1,2021-02-12 00:00:00,63.51
A,A_MT000026,A_DC1,2021-02-13 00:00:00,112.65
A,A_MT000026,A_DC1,2021-02-14 00:00:00,84.97
A,A_MT000026,A_DC1,2021-02-15 00:00:00,79.12
A,A_MT000026,A_DC1,2021-02-16 00:00:00,81.47
A,A_MT000026,A_DC1,2021-02-18 00:00:00,196.08
A,A_MT000026,A_DC1,2021-02-19 00:00:00,75.7
A,A_MT000026,A_DC1,2021-02-20 00:00:00,96.61
A,A_MT000026,A_DC1,2021-02-21 00:00:00,82.45
A,A_MT000026,A_DC1,2021-02-22 00:00:00,88.83
A,A_MT000026,A_DC1,2021-02-24 00:00:00,171.09
A,A_MT000026,A_DC1,2021-02-25 00:00:00,95.07
A,A_MT000026,A_DC1,2021-02-26 00:00:00,78.83
A,A_MT000026,A_DC1,2021-02-27 00:00:00,86.88
A,A_MT000026,A_DC1,2021-02-28 00:00:00,98.63
A,A_MT000026,A_DC1,2021-03-01 00:00:00,82.13
A,A_MT000026,A_DC1,2021-03-02 00:00:00,95.39
A,A_MT000026,A_DC1,2021-03-05 00:00:00,257.09
A,A_MT000026,A_DC1,2021-03-06 00:00:00,93.78
A,A_MT000026,A_DC1,2021-03-07 00:00:00,79.03
A,A_MT000026,A_DC1,2021-03-08 00:00:00,78.96
A,A_MT000026,A_DC1,2021-03-09 00:00:00,91.54
A,A_MT000026,A_DC1,2021-03-10 00:00:00,73.73
A,A_MT000026,A_DC1,2021-03-11 00:00:00,100.53
A,A_MT000026,A_DC1,2021-03-14 00:00:00,257.74
A,A_MT000026,A_DC1,2021-03-15 00:00:00,80.91
A,A_MT000026,A_DC1,2021-03-17 00:00:00,174.52
A,A_MT000026,A_DC1,2021-03-18 00:00:00,90.32
A,A_MT000026,A_DC1,2021-03-19 00:00:00,88.62
A,A_MT000026,A_DC1,2021-03-20 00:00:00,80.77
A,A_MT000026,A_DC1,2021-03-22 00:00:00,170.89
A,A_MT000026,A_DC1,2021-03-23 00:00:00,84.46
A,A_MT000026,A_DC1,2021-03-24 00:00:00,74.63
A,A_MT000026,A_DC1,2021-03-25 00:00:00,90.73
A,A_MT000026,A_DC1,2021-03-26 00:00:00,83.03
A,A_MT000026,A_DC1,2021-03-27 00:00:00,77.4
A,A_MT000026,A_DC1,2021-03-28 00:00:00,93.04
A,A_MT000026,A_DC1,2021-03-29 00:00:00,86.89
A,A_MT000026,A_DC1,2021-03-30 00:00:00,82.67
A,A_MT000026,A_DC1,2021-03-31 00:00:00,70.27
A,A_MT000026,A_DC1,2021-04-02 00:00:00,155.11
A,A_MT000026,A_DC1,2021-04-03 00:00:00,80.18
A,A_MT000026,A_DC1,2021-04-04 00:00:00,77.79
A,A_MT000026,A_DC1,2021-04-05 00:00:00,67.7
A,A_MT000026,A_DC1,2021-04-06 00:00:00,105.3
A,A_MT000026,A_DC1,2021-04-07 00:00:00,94.85
A,A_MT000026,A_DC1,2021-04-08 00:00:00,89.75
A,A_MT000026,A_DC1,2021-04-10 00:00:00,181.2
A,A_MT000026,A_DC1,2021-04-11 00:00:00,94.57
A,A_MT000026,A_DC1,2021-04-12 00:00:00,78.48
A,A_MT000026,A_DC1,2021-04-13 00:00:00,94.38
A,A_MT000026,A_DC1,2021-04-14 00:00:00,76.45
A,A_MT000026,A_DC1,2021-04-15 00:00:00,86.48
A,A_MT000026,A_DC1,2021-04-16 00:00:00,71.8
A,A_MT000026,A_DC1,2021-04-17 00:00:00,93.47
A,A_MT000026,A_DC1,2021-04-18 00:00:00,90.15
A,A_MT000026,A_DC1,2021-04-19 00:00:00,90.2
A,A_MT000026,A_DC1,2021-04-20 00:00:00,80.73
A,A_MT000026,A_DC1,2021-04-21 00:00:00,97.03
A,A_MT000026,A_DC1,2021-04-22 00:00:00,72.02
A,A_MT000026,A_DC1,2021-04-23 00:00:00,77.97
A,A_MT000026,A_DC1,2021-04-24 00:00:00,101.5
A,A_MT000026,A_DC1,2021-04-25 00:00:00,90.4
A,A_MT000026,A_DC1,2021-04-26 00:00:00,76.66
A,A_MT000026,A_DC1,2021-04-27 00:00:00,83.76
A,A_MT000026,A_DC1,2021-04-29 00:00:00,153.85
A,A_MT000026,A_DC1,2021-04-30 00:00:00,83.86
A,A_MT000026,A_DC1,2021-05-01 00:00:00,80.05
A,A_MT000026,A_DC1,2021-05-02 00:00:00,86.28
A,A_MT000026,A_DC1,2021-05-03 00:00:00,73.15
A,A_MT000026,A_DC1,2021-05-04 00:00:00,77.86
A,A_MT000026,A_DC1,2021-05-05 00:00:00,79.94
A,A_MT000026,A_DC1,2021-05-06 00:00:00,75.3
A,A_MT000026,A_DC1,2021-05-07 00:00:00,65.12
A,A_MT000026,A_DC1,2021-05-08 00:00:00,102.03
A,A_MT000026,A_DC1,2021-05-09 00:00:00,91.17
A,A_MT000026,A_DC1,2021-05-10 00:00:00,72.22
A,A_MT000026,A_DC1,2021-05-11 00:00:00,93.69
A,A_MT000026,A_DC1,2021-05-15 00:00:00,354.85
A,A_MT000026,A_DC1,2021-05-16 00:00:00,86.84
A,A_MT000026,A_DC1,2021-05-17 00:00:00,91.47
A,A_MT000026,A_DC1,2021-05-18 00:00:00,89.75
A,A_MT000026,A_DC1,2021-05-19 00:00:00,76.7
A,A_MT000026,A_DC1,2021-05-20 00:00:00,85.97
A,A_MT000026,A_DC1,2021-05-21 00:00:00,77.61
A,A_MT000026,A_DC1,2021-05-23 00:00:00,163.04
A,A_MT000026,A_DC1,2021-05-24 00:00:00,88.93
A,A_MT000026,A_DC1,2021-05-25 00:00:00,96.9
A,A_MT000026,A_DC1,2021-05-27 00:00:00,178.46
A,A_MT000026,A_DC1,2021-05-28 00:00:00,90.14
A,A_MT000026,A_DC1,2021-05-29 00:00:00,100.94
A,A_MT000026,A_DC1,2021-05-30 00:00:00,77.49
A,A_MT000026,A_DC1,2021-05-31 00:00:00,106.17
A,A_MT000026,A_DC1,2021-06-01 00:00:00,66.9
A,A_MT000026,A_DC1,2021-06-02 00:00:00,87.54
A,A_MT000026,A_DC1,2021-06-06 00:00:00,325.88
A,A_MT000026,A_DC1,2021-06-07 00:00:00,91.18
A,A_MT000026,A_DC1,2021-06-09 00:00:00,175.89
A,A_MT000026,A_DC1,2021-06-10 00:00:00,86.02
A,A_MT000026,A_DC1,2021-06-11 00:00:00,80.66
A,A_MT000026,A_DC1,2021-06-12 00:00:00,77.27
A,A_MT000026,A_DC1,2021-06-13 00:00:00,88.53
A,A_MT000026,A_DC1,2021-06-14 00:00:00,89.73
A,A_MT000026,A_DC1,2021-06-15 00:00:00,63.69
A,A_MT000026,A_DC1,2021-06-16 00:00:00,82.82
A,A_MT000026,A_DC1,2021-06-19 00:00:00,266.9
A,A_MT000026,A_DC1,2021-06-20 00:00:00,68.49
A,A_MT000026,A_DC1,2021-06-21 00:00:00,90.0
A,A_MT000026,A_DC1,2021-06-22 00:00:00,83.36
A,A_MT000026,A_DC1,2021-06-23 00:00:00,85.92
A,A_MT000026,A_DC1,2021-06-25 00:00:00,181.05
A,A_MT000026,A_DC1,2021-06-26 00:00:00,83.36
A,A_MT000026,A_DC1,2021-06-27 00:00:00,87.51
A,A_MT000026,A_DC1,2021-06-28 00:00:00,104.44
A,A_MT000026,A_DC1,2021-06-29 00:00:00,85.81
A,A_MT000026,A_DC1,2021-06-30 00:00:00,96.11
A,A_MT000029,A_DC1,2020-07-01 00:00:00,88.59
A,A_MT000029,A_DC1,2020-07-02 00:00:00,93.87
A,A_MT000029,A_DC1,2020-07-04 00:00:00,161.48
A,A_MT000029,A_DC1,2020-07-05 00:00:00,86.15
A,A_MT000029,A_DC1,2020-07-06 00:00:00,78.08
A,A_MT000029,A_DC1,2020-07-07 00:00:00,79.42
A,A_MT000029,A_DC1,2020-07-08 00:00:00,92.18
A,A_MT000029,A_DC1,2020-07-09 00:00:00,71.61
A,A_MT000029,A_DC1,2020-07-10 00:00:00,96.91
A,A_MT000029,A_DC1,2020-07-12 00:00:00,167.21
A,A_MT000029,A_DC1,2020-07-13 00:00:00,86.47
A,A_MT000029,A_DC1,2020-07-14 00:00:00,86.87
A,A_MT000029,A_DC1,2020-07-15 00:00:00,72.48
A,A_MT000029,A_DC1,2020-07-16 00:00:00,77.91
A,A_MT000029,A_DC1,2020-07-18 00:00:00,176.92
A,A_MT000029,A_DC1,2020-07-19 00:00:00,84.63
A,A_MT000029,A_DC1,2020-07-20 00:00:00,78.88
A,A_MT000029,A_DC1,2020-07-21 00:00:00,85.71
A,A_MT000029,A_DC1,2020-07-22 00:00:00,74.49
A,A_MT000029,A_DC1,2020-07-23 00:00:00,74.03
A,A_MT000029,A_DC1,2020-07-24 00:00:00,88.17
A,A_MT000029,A_DC1,2020-07-25 00:00:00,77.8
A,A_MT000029,A_DC1,2020-07-26 00:00:00,75.42
A,A_MT000029,A_DC1,2020-07-27 00:00:00,83.42
A,A_MT000029,A_DC1,2020-07-28 00:00:00,84.68
A,A_MT000029,A_DC1,2020-07-29 00:00:00,86.94
A,A_MT000029,A_DC1,2020-08-01 00:00:00,263.8
A,A_MT000029,A_DC1,2020-08-03 00:00:00,161.14
A,A_MT000029,A_DC1,2020-08-04 00:00:00,87.97
A,A_MT000029,A_DC1,2020-08-06 00:00:00,159.52
A,A_MT000029,A_DC1,2020-08-08 00:00:00,173.67
A,A_MT000029,A_DC1,2020-08-09 00:00:00,75.83
A,A_MT000029,A_DC1,2020-08-11 00:00:00,159.57
A,A_MT000029,A_DC1,2020-08-12 00:00:00,96.05
A,A_MT000029,A_DC1,2020-08-13 00:00:00,73.7
A,A_MT000029,A_DC1,2020-08-14 00:00:00,72.39
A,A_MT000029,A_DC1,2020-08-16 00:00:00,175.5
A,A_MT000029,A_DC1,2020-08-17 00:00:00,83.11
A,A_MT000029,A_DC1,2020-08-18 00:00:00,91.75
A,A_MT000029,A_DC1,2020-08-19 00:00:00,75.57
A,A_MT000029,A_DC1,2020-08-20 00:00:00,70.63
A,A_MT000029,A_DC1,2020-08-21 00:00:00,95.6
A,A_MT000029,A_DC1,2020-08-22 00:00:00,85.54
A,A_MT000029,A_DC1,2020-08-23 00:00:00,78.38
A,A_MT000029,A_DC1,2020-08-25 00:00:00,165.58
A,A_MT000029,A_DC1,2020-08-26 00:00:00,86.5
A,A_MT000029,A_DC1,2020-08-27 00:00:00,81.78
A,A_MT000029,A_DC1,2020-08-28 00:00:00,77.11
A,A_MT000029,A_DC1,2020-08-29 00:00:00,90.7
A,A_MT000029,A_DC1,2020-08-30 00:00:00,81.32
A,A_MT000029,A_DC1,2020-08-31 00:00:00,88.06
A,A_MT000029,A_DC1,2020-09-01 00:00:00,79.93
A,A_MT000029,A_DC1,2020-09-02 00:00:00,82.37
A,A_MT000029,A_DC1,2020-09-03 00:00:00,80.64
A,A_MT000029,A_DC1,2020-09-04 00:00:00,74.48
A,A_MT000029,A_DC1,2020-09-05 00:00:00,99.69
A,A_MT000029,A_DC1,2020-09-06 00:00:00,75.41
A,A_MT000029,A_DC1,2020-09-07 00:00:00,77.93
A,A_MT000029,A_DC1,2020-09-08 00:00:00,86.64
A,A_MT000029,A_DC1,2020-09-09 00:00:00,66.15
A,A_MT000029,A_DC1,2020-09-10 00:00:00,82.64
A,A_MT000029,A_DC1,2020-09-12 00:00:00,174.33
A,A_MT000029,A_DC1,2020-09-13 00:00:00,74.21
A,A_MT000029,A_DC1,2020-09-14 00:00:00,72.22
A,A_MT000029,A_DC1,2020-09-16 00:00:00,171.75
A,A_MT000029,A_DC1,2020-09-18 00:00:00,159.76
A,A_MT000029,A_DC1,2020-09-19 00:00:00,97.35
A,A_MT000029,A_DC1,2020-09-20 00:00:00,78.24
A,A_MT000029,A_DC1,2020-09-21 00:00:00,78.17
A,A_MT000029,A_DC1,2020-09-22 00:00:00,69.75
A,A_MT000029,A_DC1,2020-09-23 00:00:00,88.27
A,A_MT000029,A_DC1,2020-09-26 00:00:00,262.46
A,A_MT000029,A_DC1,2020-09-27 00:00:00,82.41
A,A_MT000029,A_DC1,2020-09-28 00:00:00,87.5
A,A_MT000029,A_DC1,2020-09-29 00:00:00,90.35
A,A_MT000029,A_DC1,2020-09-30 00:00:00,91.98
A,A_MT000029,A_DC1,2020-10-01 00:00:00,76.47
A,A_MT000029,A_DC1,2020-10-02 00:00:00,91.92
A,A_MT000029,A_DC1,2020-10-03 00:00:00,81.07
A,A_MT000029,A_DC1,2020-10-04 00:00:00,94.66
A,A_MT000029,A_DC1,2020-10-05 00:00:00,94.11
A,A_MT000029,A_DC1,2020-10-06 00:00:00,73.64
A,A_MT000029,A_DC1,2020-10-07 00:00:00,96.21
A,A_MT000029,A_DC1,2020-10-08 00:00:00,94.11
A,A_MT000029,A_DC1,2020-10-09 00:00:00,81.62
A,A_MT000029,A_DC1,2020-10-10 00:00:00,95.26
A,A_MT000029,A_DC1,2020-10-12 00:00:00,168.5
A,A_MT000029,A_DC1,2020-10-13 00:00:00,76.0
A,A_MT000029,A_DC1,2020-10-14 00:00:00,87.66
A,A_MT000029,A_DC1,2020-10-15 00:00:00,89.66
A,A_MT000029,A_DC1,2020-10-16 00:00:00,95.79
A,A_MT000029,A_DC1,2020-10-17 00:00:00,88.3
A,A_MT000029,A_DC1,2020-10-18 00:00:00,73.34
A,A_MT000029,A_DC1,2020-10-19 00:00:00,89.87
A,A_MT000029,A_DC1,2020-10-20 00:00:00,85.09
A,A_MT000029,A_DC1,2020-10-21 00:00:00,89.32
A,A_MT000029,A_DC1,2020-10-22 00:00:00,67.38
A,A_MT000029,A_DC1,2020-10-27 00:00:00,376.06
A,A_MT000029,A_DC1,2020-10-28 00:00:00,72.99
A,A_MT000029,A_DC1,2020-10-29 00:00:00,77.49
A,A_MT000029,A_DC1,2020-10-30 00:00:00,85.49
A,A_MT000029,A_DC1,2020-11-01 00:00:00,153.91
A,A_MT000029,A_DC1,2020-11-02 00:00:00,76.4
A,A_MT000029,A_DC1,2020-11-05 00:00:00,253.17
A,A_MT000029,A_DC1,2020-11-06 00:00:00,74.94
A,A_MT000029,A_DC1,2020-11-07 00:00:00,83.66
A,A_MT000029,A_DC1,2020-11-08 00:00:00,94.95
A,A_MT000029,A_DC1,2020-11-09 00:00:00,91.82
A,A_MT000029,A_DC1,2020-11-10 00:00:00,72.91
A,A_MT000029,A_DC1,2020-11-11 00:00:00,78.72
A,A_MT000029,A_DC1,2020-11-12 00:00:00,90.66
A,A_MT000029,A_DC1,2020-11-13 00:00:00,99.79
A,A_MT000029,A_DC1,2020-11-14 00:00:00,83.46
A,A_MT000029,A_DC1,2020-11-16 00:00:00,151.7
A,A_MT000029,A_DC1,2020-11-17 00:00:00,83.12
A,A_MT000029,A_DC1,2020-11-18 00:00:00,87.55
A,A_MT000029,A_DC1,2020-11-19 00:00:00,79.13
A,A_MT000029,A_DC1,2020-11-20 00:00:00,83.22
A,A_MT000029,A_DC1,2020-11-24 00:00:00,320.34
A,A_MT000029,A_DC1,2020-11-26 00:00:00,160.19
A,A_MT000029,A_DC1,2020-11-27 00:00:00,89.34
A,A_MT000029,A_DC1,2020-11-28 00:00:00,89.4
A,A_MT000029,A_DC1,2020-11-29 00:00:00,79.61
A,A_MT000029,A_DC1,2020-11-30 00:00:00,91.53
A,A_MT000029,A_DC1,2020-12-01 00:00:00,78.46
A,A_MT000029,A_DC1,2020-12-02 00:00:00,64.93
A,A_MT000029,A_DC1,2020-12-03 00:00:00,79.87
A,A_MT000029,A_DC1,2020-12-05 00:00:00,158.01
A,A_MT000029,A_DC1,2020-12-07 00:00:00,192.64
A,A_MT000029,A_DC1,2020-12-08 00:00:00,89.41
A,A_MT000029,A_DC1,2020-12-09 00:00:00,85.44
A,A_MT000029,A_DC1,2020-12-10 00:00:00,73.18
A,A_MT000029,A_DC1,2020-12-11 00:00:00,85.53
A,A_MT000029,A_DC1,2020-12-12 00:00:00,77.42
A,A_MT000029,A_DC1,2020-12-13 00:00:00,89.55
A,A_MT000029,A_DC1,2020-12-14 00:00:00,89.22
A,A_MT000029,A_DC1,2020-12-15 00:00:00,80.18
A,A_MT000029,A_DC1,2020-12-16 00:00:00,73.53
A,A_MT000029,A_DC1,2020-12-17 00:00:00,88.59
A,A_MT000029,A_DC1,2020-12-18 00:00:00,88.24
A,A_MT000029,A_DC1,2020-12-19 00:00:00,83.96
A,A_MT000029,A_DC1,2020-12-20 00:00:00,62.32
A,A_MT000029,A_DC1,2020-12-21 00:00:00,79.26
A,A_MT000029,A_DC1,2020-12-25 00:00:00,322.46
A,A_MT000029,A_DC1,2020-12-26 00:00:00,82.17
A,A_MT000029,A_DC1,2020-12-27 00:00:00,75.89
A,A_MT000029,A_DC1,2020-12-28 00:00:00,77.08
A,A_MT000029,A_DC1,2020-12-30 00:00:00,180.12
A,A_MT000029,A_DC1,2020-12-31 00:00:00,89.41
A,A_MT000029,A_DC1,2021-01-01 00:00:00,90.28
A,A_MT000029,A_DC1,2021-01-02 00:00:00,79.92
A,A_MT000029,A_DC1,2021-01-03 00:00:00,84.16
A,A_MT000029,A_DC1,2021-01-05 00:00:00,162.3
A,A_MT000029,A_DC1,2021-01-06 00:00:00,83.31
A,A_MT000029,A_DC1,2021-01-07 00:00:00,77.63
A,A_MT000029,A_DC1,2021-01-08 00:00:00,88.25
A,A_MT000029,A_DC1,2021-01-09 00:00:00,87.88
A,A_MT000029,A_DC1,2021-01-10 00:00:00,86.39
A,A_MT000029,A_DC1,2021-01-11 00:00:00,84.2
A,A_MT000029,A_DC1,2021-01-12 00:00:00,90.09
A,A_MT000029,A_DC1,2021-01-13 00:00:00,75.28
A,A_MT000029,A_DC1,2021-01-14 00:00:00,79.93
A,A_MT000029,A_DC1,2021-01-15 00:00:00,81.22
A,A_MT000029,A_DC1,2021-01-17 00:00:00,159.56
A,A_MT000029,A_DC1,2021-01-18 00:00:00,71.4
A,A_MT000029,A_DC1,2021-01-19 00:00:00,73.79
A,A_MT000029,A_DC1,2021-01-21 00:00:00,167.63
A,A_MT000029,A_DC1,2021-01-22 00:00:00,90.53
A,A_MT000029,A_DC1,2021-01-23 00:00:00,85.15
A,A_MT000029,A_DC1,2021-01-24 00:00:00,87.36
A,A_MT000029,A_DC1,2021-01-25 00:00:00,85.92
A,A_MT000029,A_DC1,2021-01-26 00:00:00,96.35
A,A_MT000029,A_DC1,2021-01-27 00:00:00,101.19
A,A_MT000029,A_DC1,2021-01-28 00:00:00,86.09
A,A_MT000029,A_DC1,2021-01-29 00:00:00,79.19
A,A_MT000029,A_DC1,2021-01-30 00:00:00,74.41
A,A_MT000029,A_DC1,2021-01-31 00:00:00,81.86
A,A_MT000029,A_DC1,2021-02-01 00:00:00,74.9
A,A_MT000029,A_DC1,2021-02-03 00:00:00,177.84
A,A_MT000029,A_DC1,2021-02-05 00:00:00,152.48
A,A_MT000029,A_DC1,2021-02-06 00:00:00,74.36
A,A_MT000029,A_DC1,2021-02-07 00:00:00,92.01
A,A_MT000029,A_DC1,2021-02-08 00:00:00,71.1
A,A_MT000029,A_DC1,2021-02-09 00:00:00,81.2
A,A_MT000029,A_DC1,2021-02-11 00:00:00,160.3
A,A_MT000029,A_DC1,2021-02-12 00:00:00,83.39
A,A_MT000029,A_DC1,2021-02-13 00:00:00,81.27
A,A_MT000029,A_DC1,2021-02-14 00:00:00,73.5
A,A_MT000029,A_DC1,2021-02-15 00:00:00,80.79
A,A_MT000029,A_DC1,2021-02-16 00:00:00,92.2
A,A_MT000029,A_DC1,2021-02-18 00:00:00,173.85
A,A_MT000029,A_DC1,2021-02-19 00:00:00,86.74
A,A_MT000029,A_DC1,2021-02-20 00:00:00,89.9
A,A_MT000029,A_DC1,2021-02-21 00:00:00,83.68
A,A_MT000029,A_DC1,2021-02-22 00:00:00,74.55
A,A_MT000029,A_DC1,2021-02-24 00:00:00,160.6
A,A_MT000029,A_DC1,2021-02-25 00:00:00,84.98
A,A_MT000029,A_DC1,2021-02-26 00:00:00,88.91
A,A_MT000029,A_DC1,2021-02-27 00:00:00,109.61
A,A_MT000029,A_DC1,2021-02-28 00:00:00,86.92
A,A_MT000029,A_DC1,2021-03-01 00:00:00,75.36
A,A_MT000029,A_DC1,2021-03-02 00:00:00,81.56
A,A_MT000029,A_DC1,2021-03-05 00:00:00,264.96
A,A_MT000029,A_DC1,2021-03-06 00:00:00,84.41
A,A_MT000029,A_DC1,2021-03-07 00:00:00,84.68
A,A_MT000029,A_DC1,2021-03-08 00:00:00,75.67
A,A_MT000029,A_DC1,2021-03-09 00:00:00,78.31
A,A_MT000029,A_DC1,2021-03-10 00:00:00,71.11
A,A_MT000029,A_DC1,2021-03-11 00:00:00,70.92
A,A_MT000029,A_DC1,2021-03-14 00:00:00,264.01
A,A_MT000029,A_DC1,2021-03-15 00:00:00,97.17
A,A_MT000029,A_DC1,2021-03-17 00:00:00,159.81
A,A_MT000029,A_DC1,2021-03-18 00:00:00,72.05
A,A_MT000029,A_DC1,2021-03-19 00:00:00,74.19
A,A_MT000029,A_DC1,2021-03-20 00:00:00,80.66
A,A_MT000029,A_DC1,2021-03-22 00:00:00,166.62
A,A_MT000029,A_DC1,2021-03-23 00:00:00,87.75
A,A_MT000029,A_DC1,2021-03-24 00:00:00,92.15
A,A_MT000029,A_DC1,2021-03-25 00:00:00,89.84
A,A_MT000029,A_DC1,2021-03-26 00:00:00,84.09
A,A_MT000029,A_DC1,2021-03-27 00:00:00,86.17
A,A_MT000029,A_DC1,2021-03-28 00:00:00,79.12
A,A_MT000029,A_DC1,2021-03-29 00:00:00,89.41
A,A_MT000029,A_DC1,2021-03-30 00:00:00,80.34
A,A_MT000029,A_DC1,2021-03-31 00:00:00,88.8
A,A_MT000029,A_DC1,2021-04-02 00:00:00,164.54
A,A_MT000029,A_DC1,2021-04-03 00:00:00,77.88
A,A_MT000029,A_DC1,2021-04-04 00:00:00,96.7
A,A_MT000029,A_DC1,2021-04-05 00:00:00,88.79
A,A_MT000029,A_DC1,2021-04-06 00:00:00,65.51
A,A_MT000029,A_DC1,2021-04-07 00:00:00,75.25
A,A_MT000029,A_DC1,2021-04-08 00:00:00,87.95
A,A_MT000029,A_DC1,2021-04-10 00:00:00,171.64
A,A_MT000029,A_DC1,2021-04-11 00:00:00,71.3
A,A_MT000029,A_DC1,2021-04-12 00:00:00,95.09
A,A_MT000029,A_DC1,2021-04-13 00:00:00,79.59
A,A_MT000029,A_DC1,2021-04-14 00:00:00,74.97
A,A_MT000029,A_DC1,2021-04-15 00:00:00,86.57
A,A_MT000029,A_DC1,2021-04-16 00:00:00,81.28
A,A_MT000029,A_DC1,2021-04-17 00:00:00,95.75
A,A_MT000029,A_DC1,2021-04-18 00:00:00,89.03
A,A_MT000029,A_DC1,2021-04-19 00:00:00,89.39
A,A_MT000029,A_DC1,2021-04-20 00:00:00,78.46
A,A_MT000029,A_DC1,2021-04-21 00:00:00,84.26
A,A_MT000029,A_DC1,2021-04-22 00:00:00,76.44
A,A_MT000029,A_DC1,2021-04-23 00:00:00,95.69
A,A_MT000029,A_DC1,2021-04-24 00:00:00,92.05
A,A_MT000029,A_DC1,2021-04-25 00:00:00,86.62
A,A_MT000029,A_DC1,2021-04-26 00:00:00,76.43
A,A_MT000029,A_DC1,2021-04-27 00:00:00,77.41
A,A_MT000029,A_DC1,2021-04-29 00:00:00,155.85
A,A_MT000029,A_DC1,2021-04-30 00:00:00,73.72
A,A_MT000029,A_DC1,2021-05-01 00:00:00,80.55
A,A_MT000029,A_DC1,2021-05-02 00:00:00,65.87
A,A_MT000029,A_DC1,2021-05-03 00:00:00,67.2
A,A_MT000029,A_DC1,2021-05-04 00:00:00,79.74
A,A_MT000029,A_DC1,2021-05-05 00:00:00,90.74
A,A_MT000029,A_DC1,2021-05-06 00:00:00,82.48
A,A_MT000029,A_DC1,2021-05-07 00:00:00,83.67
A,A_MT000029,A_DC1,2021-05-08 00:00:00,86.51
A,A_MT000029,A_DC1,2021-05-09 00:00:00,87.6
A,A_MT000029,A_DC1,2021-05-10 00:00:00,68.29
A,A_MT000029,A_DC1,2021-05-11 00:00:00,94.41
A,A_MT000029,A_DC1,2021-05-15 00:00:00,337.03
A,A_MT000029,A_DC1,2021-05-16 00:00:00,87.66
A,A_MT000029,A_DC1,2021-05-17 00:00:00,88.23
A,A_MT000029,A_DC1,2021-05-18 00:00:00,90.6
A,A_MT000029,A_DC1,2021-05-19 00:00:00,96.74
A,A_MT000029,A_DC1,2021-05-20 00:00:00,83.38
A,A_MT000029,A_DC1,2021-05-21 00:00:00,79.53
A,A_MT000029,A_DC1,2021-05-23 00:00:00,177.09
A,A_MT000029,A_DC1,2021-05-24 00:00:00,81.74
A,A_MT000029,A_DC1,2021-05-25 00:00:00,78.53
A,A_MT000029,A_DC1,2021-05-27 00:00:00,153.0
A,A_MT000029,A_DC1,2021-05-28 00:00:00,81.52
A,A_MT000029,A_DC1,2021-05-29 00:00:00,77.44
A,A_MT000029,A_DC1,2021-05-30 00:00:00,104.35
A,A_MT000029,A_DC1,2021-05-31 00:00:00,92.14
A,A_MT000029,A_DC1,2021-06-01 00:00:00,79.12
A,A_MT000029,A_DC1,2021-06-02 00:00:00,89.87
A,A_MT000029,A_DC1,2021-06-06 00:00:00,339.24
A,A_MT000029,A_DC1,2021-06-07 00:00:00,87.91
A,A_MT000029,A_DC1,2021-06-09 00:00:00,167.71
A,A_MT000029,A_DC1,2021-06-10 00:00:00,69.34
A,A_MT000029,A_DC1,2021-06-11 00:00:00,84.7
A,A_MT000029,A_DC1,2021-06-12 00:00:00,86.14
A,A_MT000029,A_DC1,2021-06-13 00:00:00,78.24
A,A_MT000029,A_DC1,2021-06-14 00:00:00,75.69
A,A_MT000029,A_DC1,2021-06-15 00:00:00,78.7
A,A_MT000029,A_DC1,2021-06-16 00:00:00,92.13
A,A_MT000029,A_DC1,2021-06-19 00:00:00,251.84
A,A_MT000029,A_DC1,2021-06-20 00:00:00,84.22
A,A_MT000029,A_DC1,2021-06-21 00:00:00,86.54
A,A_MT000029,A_DC1,2021-06-22 00:00:00,78.06
A,A_MT000029,A_DC1,2021-06-23 00:00:00,87.04
A,A_MT000029,A_DC1,2021-06-25 00:00:00,174.28
A,A_MT000029,A_DC1,2021-06-26 00:00:00,70.32
A,A_MT000029,A_DC1,2021-06-27 00:00:00,78.61
A,A_MT000029,A_DC1,2021-06-28 00:00:00,81.21
A,A_MT000029,A_DC1,2021-06-29 00:00:00,80.51
A,A_MT000029,A_DC1,2021-06-30 00:00:00,99.88
